candidate_id,name,education,experience_years,skills,certifications,projects_count,github_score,linkedin_activity,domain,resume_text
C001,Candidate_1,M.Tech,7,"Python, AWS, Azure",Azure,7,84,80,Analytics,"Python, AWS, Azure. 3 projects completed. Certified in AWS. Domain: Analytics."
C002,Candidate_2,MCA,0,"SQL, TensorFlow, Azure, Machine Learning, Deep Learning, AWS",AWS,4,66,55,Data Science,"SQL, TensorFlow, Azure, Machine Learning, Deep Learning, AWS. 8 projects completed. Certified in Azure. Domain: AI."
C003,Candidate_3,B.Tech,7,"AWS, Machine Learning, Azure, Power BI, TensorFlow, Deep Learning",Google,7,88,88,Data Science,"AWS, Machine Learning, Azure, Power BI, TensorFlow, Deep Learning. 6 projects completed. Certified in AWS. Domain: Cloud."
C004,Candidate_4,MCA,2,"SQL, Deep Learning, Azure, Machine Learning, Tableau",Azure,10,94,72,AI,"SQL, Deep Learning, Azure, Machine Learning, Tableau. 7 projects completed. Certified in AWS. Domain: AI."
C005,Candidate_5,B.Tech,8,"Machine Learning, Python, Deep Learning, AWS, TensorFlow",AWS,4,63,66,Analytics,"Machine Learning, Python, Deep Learning, AWS, TensorFlow. 7 projects completed. Certified in AWS. Domain: AI."
C006,Candidate_6,MCA,6,"AWS, Machine Learning, PyTorch",Google,6,74,83,Data Science,"AWS, Machine Learning, PyTorch. 2 projects completed. Certified in Google. Domain: AI."
C007,Candidate_7,M.Tech,7,"TensorFlow, Python, Tableau",Azure,3,74,53,Analytics,"TensorFlow, Python, Tableau. 10 projects completed. Certified in AWS. Domain: Cloud."
C008,Candidate_8,B.Tech,10,"Tableau, SQL, Deep Learning, AWS, TensorFlow",Google,3,64,54,Analytics,"Tableau, SQL, Deep Learning, AWS, TensorFlow. 2 projects completed. Certified in Azure. Domain: AI."
C009,Candidate_9,MCA,6,"TensorFlow, SQL, Python, Deep Learning, Tableau",Google,9,51,91,Cloud,"TensorFlow, SQL, Python, Deep Learning, Tableau. 2 projects completed. Certified in AWS. Domain: Cloud."
C010,Candidate_10,MCA,10,"SQL, AWS, Deep Learning, Tableau, NLP, Python",None,8,88,69,AI,"SQL, AWS, Deep Learning, Tableau, NLP, Python. 1 projects completed. Certified in Google. Domain: Cloud."
C011,Candidate_11,MCA,10,"Tableau, Python, NLP, Machine Learning, PyTorch",Azure,1,60,87,AI,"Tableau, Python, NLP, Machine Learning, PyTorch. 6 projects completed. Certified in Azure. Domain: Cloud."
C012,Candidate_12,M.Tech,2,"Azure, Power BI, SQL, AWS",Google,1,100,71,Cloud,"Azure, Power BI, SQL, AWS. 5 projects completed. Certified in Google. Domain: AI."
C013,Candidate_13,MCA,6,"AWS, Power BI, Python, Tableau, TensorFlow",Azure,1,86,80,AI,"AWS, Power BI, Python, Tableau, TensorFlow. 6 projects completed. Certified in Google. Domain: Data Science."
C014,Candidate_14,MCA,2,"PyTorch, SQL, AWS, TensorFlow, Machine Learning",AWS,9,68,98,Data Science,"PyTorch, SQL, AWS, TensorFlow, Machine Learning. 9 projects completed. Certified in Azure. Domain: AI."
C015,Candidate_15,B.Sc Data Science,1,"Power BI, SQL, Deep Learning",None,7,92,85,Data Science,"Power BI, SQL, Deep Learning. 4 projects completed. Certified in Google. Domain: Data Science."
C016,Candidate_16,B.Sc Data Science,5,"Power BI, Azure, PyTorch",AWS,2,96,92,AI,"Power BI, Azure, PyTorch. 7 projects completed. Certified in Google. Domain: Cloud."
C017,Candidate_17,B.Tech,0,"AWS, PyTorch, Python, Machine Learning, SQL, Tableau",None,5,84,98,AI,"AWS, PyTorch, Python, Machine Learning, SQL, Tableau. 3 projects completed. Certified in Azure. Domain: Data Science."
C018,Candidate_18,MCA,1,"Power BI, SQL, PyTorch",Google,9,56,56,AI,"Power BI, SQL, PyTorch. 5 projects completed. Certified in AWS. Domain: AI."
C019,Candidate_19,M.Tech,6,"Deep Learning, PyTorch, TensorFlow",Google,6,81,84,Analytics,"Deep Learning, PyTorch, TensorFlow. 10 projects completed. Certified in AWS. Domain: Cloud."
C020,Candidate_20,B.Tech,6,"Power BI, SQL, Deep Learning, Machine Learning",Azure,10,85,88,Data Science,"Power BI, SQL, Deep Learning, Machine Learning. 4 projects completed. Certified in Azure. Domain: Cloud."
C021,Candidate_21,M.Tech,3,"Tableau, TensorFlow, PyTorch",None,4,59,73,Cloud,"Tableau, TensorFlow, PyTorch. 9 projects completed. Certified in Azure. Domain: Cloud."
C022,Candidate_22,B.Sc Data Science,5,"TensorFlow, SQL, Power BI, Azure",Azure,9,83,100,Analytics,"TensorFlow, SQL, Power BI, Azure. 10 projects completed. Certified in AWS. Domain: AI."
C023,Candidate_23,MCA,1,"Power BI, Tableau, Deep Learning",Google,2,98,92,Analytics,"Power BI, Tableau, Deep Learning. 9 projects completed. Certified in Google. Domain: AI."
C024,Candidate_24,B.Sc Data Science,4,"TensorFlow, Power BI, AWS",Google,6,72,65,Data Science,"TensorFlow, Power BI, AWS. 6 projects completed. Certified in Azure. Domain: Data Science."
C025,Candidate_25,MCA,3,"SQL, Tableau, Python, PyTorch",None,3,99,52,AI,"SQL, Tableau, Python, PyTorch. 10 projects completed. Certified in Azure. Domain: AI."
C026,Candidate_26,M.Tech,0,"NLP, SQL, Azure, Power BI",None,2,83,88,Data Science,"NLP, SQL, Azure, Power BI. 1 projects completed. Certified in AWS. Domain: Analytics."
C027,Candidate_27,MCA,5,"Deep Learning, NLP, Machine Learning, PyTorch, Tableau",AWS,7,53,61,AI,"Deep Learning, NLP, Machine Learning, PyTorch, Tableau. 5 projects completed. Certified in Azure. Domain: AI."
C028,Candidate_28,B.Sc Data Science,5,"Power BI, Python, Machine Learning, Azure, Tableau",AWS,8,88,66,Data Science,"Power BI, Python, Machine Learning, Azure, Tableau. 8 projects completed. Certified in AWS. Domain: AI."
C029,Candidate_29,B.Tech,3,"NLP, Deep Learning, Azure, Power BI",Azure,5,88,65,Data Science,"NLP, Deep Learning, Azure, Power BI. 9 projects completed. Certified in Azure. Domain: AI."
C030,Candidate_30,MCA,1,"Deep Learning, NLP, Machine Learning, Tableau",AWS,2,85,63,AI,"Deep Learning, NLP, Machine Learning, Tableau. 9 projects completed. Certified in Azure. Domain: Cloud."
C031,Candidate_31,B.Tech,5,"NLP, TensorFlow, SQL, Power BI",Google,3,71,82,Analytics,"NLP, TensorFlow, SQL, Power BI. 9 projects completed. Certified in Google. Domain: AI."
C032,Candidate_32,B.Tech,7,"Deep Learning, NLP, Azure",AWS,5,54,79,Analytics,"Deep Learning, NLP, Azure. 4 projects completed. Certified in AWS. Domain: Analytics."
C033,Candidate_33,B.Tech,9,"Power BI, TensorFlow, PyTorch, Python, SQL",Azure,10,68,100,Data Science,"Power BI, TensorFlow, PyTorch, Python, SQL. 10 projects completed. Certified in Google. Domain: AI."
C034,Candidate_34,M.Tech,1,"Machine Learning, Tableau, Python",Google,10,96,86,Data Science,"Machine Learning, Tableau, Python. 4 projects completed. Certified in AWS. Domain: Data Science."
C035,Candidate_35,B.Sc Data Science,9,"Tableau, Deep Learning, Machine Learning, AWS, Azure",Google,9,60,66,Cloud,"Tableau, Deep Learning, Machine Learning, AWS, Azure. 5 projects completed. Certified in AWS. Domain: Analytics."
C036,Candidate_36,MCA,10,"Machine Learning, Power BI, Azure",Azure,10,100,98,Cloud,"Machine Learning, Power BI, Azure. 3 projects completed. Certified in AWS. Domain: Analytics."
C037,Candidate_37,MCA,4,"Deep Learning, TensorFlow, AWS, Tableau",AWS,1,93,94,Data Science,"Deep Learning, TensorFlow, AWS, Tableau. 5 projects completed. Certified in AWS. Domain: Analytics."
C038,Candidate_38,M.Tech,1,"TensorFlow, Python, Machine Learning, NLP, AWS",None,2,94,78,Cloud,"TensorFlow, Python, Machine Learning, NLP, AWS. 4 projects completed. Certified in Google. Domain: AI."
C039,Candidate_39,MCA,7,"Power BI, PyTorch, TensorFlow",Google,9,50,54,Cloud,"Power BI, PyTorch, TensorFlow. 7 projects completed. Certified in Azure. Domain: Analytics."
C040,Candidate_40,MCA,8,"TensorFlow, Machine Learning, Power BI, NLP",AWS,7,99,71,Cloud,"TensorFlow, Machine Learning, Power BI, NLP. 6 projects completed. Certified in Google. Domain: AI."
C041,Candidate_41,M.Tech,7,"NLP, TensorFlow, Power BI",Azure,3,77,75,Data Science,"NLP, TensorFlow, Power BI. 4 projects completed. Certified in Google. Domain: Analytics."
C042,Candidate_42,B.Sc Data Science,9,"Machine Learning, Python, NLP, PyTorch",None,9,67,66,Analytics,"Machine Learning, Python, NLP, PyTorch. 7 projects completed. Certified in AWS. Domain: Cloud."
C043,Candidate_43,MCA,9,"Power BI, AWS, Deep Learning",None,4,77,89,Analytics,"Power BI, AWS, Deep Learning. 8 projects completed. Certified in AWS. Domain: Analytics."
C044,Candidate_44,MCA,5,"PyTorch, AWS, Azure, SQL",None,4,77,58,Data Science,"PyTorch, AWS, Azure, SQL. 4 projects completed. Certified in AWS. Domain: Cloud."
C045,Candidate_45,B.Sc Data Science,8,"Azure, SQL, TensorFlow, PyTorch",Google,5,58,99,Data Science,"Azure, SQL, TensorFlow, PyTorch. 8 projects completed. Certified in Azure. Domain: AI."
C046,Candidate_46,B.Sc Data Science,8,"NLP, PyTorch, Tableau",AWS,6,52,54,Analytics,"NLP, PyTorch, Tableau. 4 projects completed. Certified in Google. Domain: Analytics."
C047,Candidate_47,B.Tech,8,"Python, Tableau, NLP, AWS, Azure",None,7,80,57,AI,"Python, Tableau, NLP, AWS, Azure. 2 projects completed. Certified in Azure. Domain: Analytics."
C048,Candidate_48,M.Tech,0,"Machine Learning, Tableau, TensorFlow, Azure, NLP",Azure,7,93,95,Data Science,"Machine Learning, Tableau, TensorFlow, Azure, NLP. 6 projects completed. Certified in AWS. Domain: AI."
C049,Candidate_49,B.Tech,2,"Python, TensorFlow, Power BI, Machine Learning",Azure,9,97,90,Analytics,"Python, TensorFlow, Power BI, Machine Learning. 2 projects completed. Certified in Azure. Domain: AI."
C050,Candidate_50,B.Sc Data Science,5,"Tableau, PyTorch, Power BI, Deep Learning, AWS, Azure",None,7,87,61,Data Science,"Tableau, PyTorch, Power BI, Deep Learning, AWS, Azure. 5 projects completed. Certified in Azure. Domain: Data Science."
C051,Candidate_51,MCA,4,"Machine Learning, TensorFlow, AWS, Power BI, NLP, Azure",Google,2,93,90,AI,"Machine Learning, TensorFlow, AWS, Power BI, NLP, Azure. 8 projects completed. Certified in Google. Domain: Data Science."
C052,Candidate_52,M.Tech,3,"Tableau, NLP, PyTorch, Power BI, AWS",Azure,7,54,84,Cloud,"Tableau, NLP, PyTorch, Power BI, AWS. 5 projects completed. Certified in Azure. Domain: AI."
C053,Candidate_53,B.Sc Data Science,8,"PyTorch, TensorFlow, Deep Learning, Python, Azure",None,5,87,73,Data Science,"PyTorch, TensorFlow, Deep Learning, Python, Azure. 1 projects completed. Certified in Azure. Domain: Analytics."
C054,Candidate_54,M.Tech,10,"Deep Learning, SQL, TensorFlow, Machine Learning",AWS,4,54,53,Data Science,"Deep Learning, SQL, TensorFlow, Machine Learning. 5 projects completed. Certified in Azure. Domain: Cloud."
C055,Candidate_55,M.Tech,3,"Python, Deep Learning, Machine Learning, Power BI, PyTorch",AWS,9,92,66,Cloud,"Python, Deep Learning, Machine Learning, Power BI, PyTorch. 5 projects completed. Certified in Google. Domain: Analytics."
C056,Candidate_56,B.Tech,10,"Azure, Power BI, Tableau, Deep Learning, TensorFlow, Machine Learning",Google,1,100,83,Analytics,"Azure, Power BI, Tableau, Deep Learning, TensorFlow, Machine Learning. 5 projects completed. Certified in Azure. Domain: Data Science."
C057,Candidate_57,MCA,9,"Machine Learning, SQL, Deep Learning, AWS",Google,7,73,76,Data Science,"Machine Learning, SQL, Deep Learning, AWS. 9 projects completed. Certified in AWS. Domain: AI."
C058,Candidate_58,M.Tech,5,"Python, Power BI, Azure",None,2,95,98,Cloud,"Python, Power BI, Azure. 10 projects completed. Certified in Azure. Domain: Cloud."
C059,Candidate_59,B.Sc Data Science,7,"Power BI, Deep Learning, Python, Machine Learning, Azure, Tableau",Google,8,75,56,AI,"Power BI, Deep Learning, Python, Machine Learning, Azure, Tableau. 3 projects completed. Certified in Google. Domain: AI."
C060,Candidate_60,M.Tech,2,"Machine Learning, SQL, NLP, AWS, Power BI",None,9,60,60,Data Science,"Machine Learning, SQL, NLP, AWS, Power BI. 2 projects completed. Certified in Azure. Domain: Analytics."
C061,Candidate_61,B.Sc Data Science,7,"NLP, AWS, Python, Azure, SQL, Machine Learning",Google,6,77,94,Analytics,"NLP, AWS, Python, Azure, SQL, Machine Learning. 2 projects completed. Certified in Azure. Domain: Cloud."
C062,Candidate_62,MCA,4,"PyTorch, Machine Learning, NLP, Python",Google,6,100,97,Cloud,"PyTorch, Machine Learning, NLP, Python. 2 projects completed. Certified in Azure. Domain: Data Science."
C063,Candidate_63,MCA,9,"Python, PyTorch, Tableau, Machine Learning",None,2,75,64,Analytics,"Python, PyTorch, Tableau, Machine Learning. 8 projects completed. Certified in Google. Domain: AI."
C064,Candidate_64,B.Sc Data Science,9,"TensorFlow, PyTorch, Python, Power BI, Machine Learning",Azure,9,99,83,Analytics,"TensorFlow, PyTorch, Python, Power BI, Machine Learning. 1 projects completed. Certified in Google. Domain: Cloud."
C065,Candidate_65,B.Sc Data Science,1,"Tableau, PyTorch, Power BI, Machine Learning",None,7,93,86,Data Science,"Tableau, PyTorch, Power BI, Machine Learning. 9 projects completed. Certified in Google. Domain: Data Science."
C066,Candidate_66,MCA,10,"PyTorch, Power BI, Azure, Python, Machine Learning",AWS,10,64,98,Data Science,"PyTorch, Power BI, Azure, Python, Machine Learning. 3 projects completed. Certified in Google. Domain: Data Science."
C067,Candidate_67,MCA,6,"TensorFlow, Deep Learning, Python",AWS,3,72,77,Data Science,"TensorFlow, Deep Learning, Python. 4 projects completed. Certified in Azure. Domain: Data Science."
C068,Candidate_68,M.Tech,0,"Deep Learning, AWS, PyTorch",Google,7,88,61,AI,"Deep Learning, AWS, PyTorch. 4 projects completed. Certified in AWS. Domain: AI."
C069,Candidate_69,MCA,5,"TensorFlow, Azure, PyTorch, NLP, SQL",None,7,90,74,Analytics,"TensorFlow, Azure, PyTorch, NLP, SQL. 2 projects completed. Certified in Google. Domain: Data Science."
C070,Candidate_70,B.Sc Data Science,6,"Machine Learning, PyTorch, Tableau, NLP",Azure,2,95,78,Analytics,"Machine Learning, PyTorch, Tableau, NLP. 7 projects completed. Certified in Google. Domain: Cloud."
C071,Candidate_71,B.Tech,9,"NLP, Power BI, Azure, Tableau, Deep Learning, SQL",Azure,9,81,97,AI,"NLP, Power BI, Azure, Tableau, Deep Learning, SQL. 2 projects completed. Certified in AWS. Domain: Analytics."
C072,Candidate_72,M.Tech,5,"SQL, NLP, Azure, Python",AWS,6,61,92,AI,"SQL, NLP, Azure, Python. 1 projects completed. Certified in Azure. Domain: Data Science."
C073,Candidate_73,B.Tech,1,"Azure, NLP, Power BI, Machine Learning, Python, SQL",Azure,9,68,57,Analytics,"Azure, NLP, Power BI, Machine Learning, Python, SQL. 10 projects completed. Certified in Azure. Domain: Analytics."
C074,Candidate_74,MCA,2,"SQL, PyTorch, AWS",Google,10,64,57,Analytics,"SQL, PyTorch, AWS. 9 projects completed. Certified in Google. Domain: Cloud."
C075,Candidate_75,B.Sc Data Science,4,"Deep Learning, Power BI, Machine Learning, Python, PyTorch, Azure",Azure,3,96,88,Data Science,"Deep Learning, Power BI, Machine Learning, Python, PyTorch, Azure. 3 projects completed. Certified in AWS. Domain: AI."
C076,Candidate_76,B.Tech,5,"SQL, Machine Learning, AWS, Python",Google,2,83,59,Cloud,"SQL, Machine Learning, AWS, Python. 4 projects completed. Certified in Google. Domain: Analytics."
C077,Candidate_77,B.Sc Data Science,5,"PyTorch, SQL, Tableau, Deep Learning",AWS,7,78,98,AI,"PyTorch, SQL, Tableau, Deep Learning. 2 projects completed. Certified in AWS. Domain: Cloud."
C078,Candidate_78,B.Tech,7,"Deep Learning, SQL, Power BI, AWS, PyTorch",AWS,8,88,70,Data Science,"Deep Learning, SQL, Power BI, AWS, PyTorch. 4 projects completed. Certified in AWS. Domain: Cloud."
C079,Candidate_79,MCA,3,"Machine Learning, Python, Azure, Deep Learning, PyTorch",AWS,3,75,64,Analytics,"Machine Learning, Python, Azure, Deep Learning, PyTorch. 2 projects completed. Certified in Google. Domain: Analytics."
C080,Candidate_80,B.Sc Data Science,5,"Power BI, Machine Learning, Deep Learning",AWS,10,71,87,Data Science,"Power BI, Machine Learning, Deep Learning. 8 projects completed. Certified in Google. Domain: Cloud."
C081,Candidate_81,B.Tech,9,"AWS, Deep Learning, SQL",Azure,5,64,59,AI,"AWS, Deep Learning, SQL. 5 projects completed. Certified in Azure. Domain: AI."
C082,Candidate_82,B.Tech,2,"Power BI, NLP, Deep Learning, Azure, SQL, Tableau",Azure,5,100,87,AI,"Power BI, NLP, Deep Learning, Azure, SQL, Tableau. 1 projects completed. Certified in Azure. Domain: AI."
C083,Candidate_83,MCA,6,"Deep Learning, Azure, NLP, SQL",Google,5,94,58,Cloud,"Deep Learning, Azure, NLP, SQL. 1 projects completed. Certified in Azure. Domain: Data Science."
C084,Candidate_84,B.Tech,0,"Azure, NLP, AWS",Azure,9,54,56,Cloud,"Azure, NLP, AWS. 10 projects completed. Certified in Azure. Domain: Data Science."
C085,Candidate_85,M.Tech,5,"Azure, Power BI, Deep Learning, TensorFlow",AWS,2,68,69,AI,"Azure, Power BI, Deep Learning, TensorFlow. 9 projects completed. Certified in Azure. Domain: AI."
C086,Candidate_86,MCA,0,"TensorFlow, Tableau, Python",None,9,82,87,AI,"TensorFlow, Tableau, Python. 10 projects completed. Certified in Azure. Domain: AI."
C087,Candidate_87,B.Sc Data Science,1,"Tableau, Python, PyTorch",Google,2,79,59,Cloud,"Tableau, Python, PyTorch. 7 projects completed. Certified in AWS. Domain: Data Science."
C088,Candidate_88,M.Tech,7,"NLP, SQL, Deep Learning, Machine Learning, TensorFlow",Azure,4,68,99,Analytics,"NLP, SQL, Deep Learning, Machine Learning, TensorFlow. 10 projects completed. Certified in AWS. Domain: Data Science."
C089,Candidate_89,MCA,5,"PyTorch, Tableau, SQL, Python, Machine Learning",None,10,88,66,Analytics,"PyTorch, Tableau, SQL, Python, Machine Learning. 6 projects completed. Certified in AWS. Domain: Data Science."
C090,Candidate_90,M.Tech,9,"Machine Learning, Tableau, Power BI, Deep Learning, PyTorch, SQL",Google,6,56,60,Data Science,"Machine Learning, Tableau, Power BI, Deep Learning, PyTorch, SQL. 6 projects completed. Certified in Azure. Domain: Analytics."
C091,Candidate_91,M.Tech,9,"TensorFlow, NLP, AWS, Machine Learning, Azure",None,8,68,90,Cloud,"TensorFlow, NLP, AWS, Machine Learning, Azure. 4 projects completed. Certified in Google. Domain: Analytics."
C092,Candidate_92,B.Tech,3,"NLP, PyTorch, AWS, Deep Learning, Tableau",Google,4,60,98,Data Science,"NLP, PyTorch, AWS, Deep Learning, Tableau. 3 projects completed. Certified in Azure. Domain: Analytics."
C093,Candidate_93,M.Tech,9,"Power BI, PyTorch, TensorFlow, SQL",AWS,1,88,91,AI,"Power BI, PyTorch, TensorFlow, SQL. 8 projects completed. Certified in AWS. Domain: Analytics."
C094,Candidate_94,M.Tech,2,"TensorFlow, Python, Tableau",None,3,55,58,Data Science,"TensorFlow, Python, Tableau. 4 projects completed. Certified in Google. Domain: Cloud."
C095,Candidate_95,M.Tech,8,"Python, SQL, AWS, TensorFlow, Deep Learning, Power BI",None,3,95,90,Cloud,"Python, SQL, AWS, TensorFlow, Deep Learning, Power BI. 1 projects completed. Certified in Azure. Domain: Cloud."
C096,Candidate_96,M.Tech,2,"PyTorch, Azure, AWS, Machine Learning, Tableau",Google,4,63,74,AI,"PyTorch, Azure, AWS, Machine Learning, Tableau. 2 projects completed. Certified in Google. Domain: Cloud."
C097,Candidate_97,B.Sc Data Science,9,"Deep Learning, TensorFlow, Machine Learning",AWS,9,68,92,Analytics,"Deep Learning, TensorFlow, Machine Learning. 2 projects completed. Certified in Azure. Domain: Data Science."
C098,Candidate_98,MCA,3,"PyTorch, SQL, Power BI",Azure,3,81,76,Data Science,"PyTorch, SQL, Power BI. 5 projects completed. Certified in AWS. Domain: Cloud."
C099,Candidate_99,MCA,2,"Deep Learning, TensorFlow, Machine Learning, Azure",AWS,8,86,64,AI,"Deep Learning, TensorFlow, Machine Learning, Azure. 6 projects completed. Certified in Azure. Domain: Analytics."
C100,Candidate_100,B.Tech,7,"Python, Power BI, SQL, AWS",Azure,3,98,73,Data Science,"Python, Power BI, SQL, AWS. 5 projects completed. Certified in Azure. Domain: Data Science."
C101,Candidate_101,M.Tech,2,"Tableau, Azure, Python, SQL, AWS",Google,5,96,93,Data Science,"Tableau, Azure, Python, SQL, AWS. 4 projects completed. Certified in Azure. Domain: Cloud."
C102,Candidate_102,B.Sc Data Science,3,"AWS, PyTorch, NLP",AWS,7,87,58,AI,"AWS, PyTorch, NLP. 2 projects completed. Certified in Google. Domain: Data Science."
C103,Candidate_103,M.Tech,10,"TensorFlow, Azure, Machine Learning",Google,2,69,62,Analytics,"TensorFlow, Azure, Machine Learning. 9 projects completed. Certified in AWS. Domain: Cloud."
C104,Candidate_104,M.Tech,6,"Python, TensorFlow, NLP, Tableau",Azure,2,59,97,Cloud,"Python, TensorFlow, NLP, Tableau. 1 projects completed. Certified in Azure. Domain: AI."
C105,Candidate_105,MCA,10,"SQL, Tableau, NLP, AWS, TensorFlow",Azure,5,88,75,Cloud,"SQL, Tableau, NLP, AWS, TensorFlow. 3 projects completed. Certified in Azure. Domain: Data Science."
C106,Candidate_106,M.Tech,8,"Power BI, Tableau, Python, TensorFlow, Azure, Machine Learning",AWS,6,68,61,Analytics,"Power BI, Tableau, Python, TensorFlow, Azure, Machine Learning. 7 projects completed. Certified in Azure. Domain: Analytics."
C107,Candidate_107,B.Tech,3,"NLP, Azure, Machine Learning, Python, PyTorch, Tableau",Azure,4,87,77,Cloud,"NLP, Azure, Machine Learning, Python, PyTorch, Tableau. 3 projects completed. Certified in AWS. Domain: Data Science."
C108,Candidate_108,B.Sc Data Science,9,"Deep Learning, AWS, Python, PyTorch, Power BI",None,10,73,89,AI,"Deep Learning, AWS, Python, PyTorch, Power BI. 1 projects completed. Certified in Azure. Domain: Data Science."
C109,Candidate_109,B.Sc Data Science,8,"Power BI, Tableau, Azure, AWS, TensorFlow, PyTorch",None,7,88,87,Cloud,"Power BI, Tableau, Azure, AWS, TensorFlow, PyTorch. 6 projects completed. Certified in Azure. Domain: Data Science."
C110,Candidate_110,B.Tech,7,"Azure, TensorFlow, AWS, NLP, Deep Learning",Azure,9,70,71,Data Science,"Azure, TensorFlow, AWS, NLP, Deep Learning. 3 projects completed. Certified in Google. Domain: Analytics."
C111,Candidate_111,MCA,5,"Power BI, Tableau, AWS, Deep Learning",AWS,4,66,85,AI,"Power BI, Tableau, AWS, Deep Learning. 1 projects completed. Certified in Google. Domain: Data Science."
C112,Candidate_112,MCA,2,"Tableau, Azure, Python, SQL, TensorFlow, PyTorch",Azure,8,78,68,AI,"Tableau, Azure, Python, SQL, TensorFlow, PyTorch. 6 projects completed. Certified in Azure. Domain: Cloud."
C113,Candidate_113,MCA,4,"Tableau, PyTorch, Power BI",Azure,7,62,54,Cloud,"Tableau, PyTorch, Power BI. 3 projects completed. Certified in AWS. Domain: Cloud."
C114,Candidate_114,B.Tech,0,"Deep Learning, Power BI, Azure, PyTorch",Google,3,82,89,AI,"Deep Learning, Power BI, Azure, PyTorch. 2 projects completed. Certified in AWS. Domain: Data Science."
C115,Candidate_115,B.Tech,9,"SQL, Power BI, PyTorch",Azure,1,80,93,Analytics,"SQL, Power BI, PyTorch. 7 projects completed. Certified in AWS. Domain: Cloud."
C116,Candidate_116,M.Tech,8,"Machine Learning, Power BI, Python, AWS, NLP, TensorFlow",Azure,2,77,97,Analytics,"Machine Learning, Power BI, Python, AWS, NLP, TensorFlow. 5 projects completed. Certified in Google. Domain: AI."
C117,Candidate_117,MCA,1,"Deep Learning, SQL, AWS",Azure,10,78,91,Analytics,"Deep Learning, SQL, AWS. 9 projects completed. Certified in Azure. Domain: Cloud."
C118,Candidate_118,B.Sc Data Science,7,"Power BI, Deep Learning, Tableau",Azure,5,84,86,Analytics,"Power BI, Deep Learning, Tableau. 8 projects completed. Certified in Azure. Domain: AI."
C119,Candidate_119,M.Tech,8,"Power BI, AWS, Tableau, Azure, Python",Google,8,55,75,Cloud,"Power BI, AWS, Tableau, Azure, Python. 4 projects completed. Certified in Azure. Domain: Data Science."
C120,Candidate_120,M.Tech,5,"AWS, Azure, TensorFlow, NLP",Google,10,99,74,Cloud,"AWS, Azure, TensorFlow, NLP. 7 projects completed. Certified in AWS. Domain: Cloud."
C121,Candidate_121,B.Sc Data Science,6,"Azure, TensorFlow, Tableau, SQL, Deep Learning",Google,10,87,61,AI,"Azure, TensorFlow, Tableau, SQL, Deep Learning. 4 projects completed. Certified in Azure. Domain: Data Science."
C122,Candidate_122,B.Tech,3,"Python, Machine Learning, Deep Learning, NLP",AWS,2,60,86,AI,"Python, Machine Learning, Deep Learning, NLP. 2 projects completed. Certified in Google. Domain: Data Science."
C123,Candidate_123,B.Tech,0,"Tableau, PyTorch, Power BI, Machine Learning",None,3,55,87,AI,"Tableau, PyTorch, Power BI, Machine Learning. 6 projects completed. Certified in Azure. Domain: Cloud."
C124,Candidate_124,B.Tech,1,"Azure, Tableau, TensorFlow, AWS",None,10,60,60,Data Science,"Azure, Tableau, TensorFlow, AWS. 2 projects completed. Certified in Azure. Domain: Cloud."
C125,Candidate_125,B.Sc Data Science,7,"Tableau, Azure, TensorFlow, Machine Learning",Azure,5,84,94,Cloud,"Tableau, Azure, TensorFlow, Machine Learning. 6 projects completed. Certified in Google. Domain: Cloud."
C126,Candidate_126,B.Tech,8,"Power BI, PyTorch, Azure, TensorFlow, Deep Learning, Python",AWS,2,91,51,AI,"Power BI, PyTorch, Azure, TensorFlow, Deep Learning, Python. 6 projects completed. Certified in Google. Domain: Cloud."
C127,Candidate_127,B.Sc Data Science,7,"TensorFlow, AWS, NLP",Google,7,75,99,Data Science,"TensorFlow, AWS, NLP. 4 projects completed. Certified in Azure. Domain: Analytics."
C128,Candidate_128,B.Sc Data Science,3,"TensorFlow, AWS, NLP, Power BI, SQL",Google,1,78,71,AI,"TensorFlow, AWS, NLP, Power BI, SQL. 5 projects completed. Certified in Azure. Domain: Data Science."
C129,Candidate_129,M.Tech,5,"Deep Learning, Machine Learning, Python",Google,8,63,97,AI,"Deep Learning, Machine Learning, Python. 5 projects completed. Certified in AWS. Domain: Cloud."
C130,Candidate_130,B.Tech,7,"NLP, AWS, SQL, Python",Google,1,52,93,Cloud,"NLP, AWS, SQL, Python. 4 projects completed. Certified in Azure. Domain: Data Science."
C131,Candidate_131,B.Tech,0,"NLP, Power BI, Azure",AWS,2,100,50,AI,"NLP, Power BI, Azure. 1 projects completed. Certified in Azure. Domain: Data Science."
C132,Candidate_132,B.Sc Data Science,10,"PyTorch, SQL, Tableau, AWS, TensorFlow, NLP",None,7,76,69,Analytics,"PyTorch, SQL, Tableau, AWS, TensorFlow, NLP. 3 projects completed. Certified in Google. Domain: Analytics."
C133,Candidate_133,M.Tech,1,"Deep Learning, Machine Learning, NLP, Power BI, TensorFlow",None,6,80,98,AI,"Deep Learning, Machine Learning, NLP, Power BI, TensorFlow. 2 projects completed. Certified in Google. Domain: AI."
C134,Candidate_134,MCA,9,"Azure, PyTorch, AWS, NLP, Python",None,8,53,66,Cloud,"Azure, PyTorch, AWS, NLP, Python. 5 projects completed. Certified in Google. Domain: AI."
C135,Candidate_135,B.Sc Data Science,2,"TensorFlow, Deep Learning, SQL, Tableau",Google,1,67,67,AI,"TensorFlow, Deep Learning, SQL, Tableau. 7 projects completed. Certified in Google. Domain: Data Science."
C136,Candidate_136,B.Tech,6,"Machine Learning, TensorFlow, Deep Learning, PyTorch, Azure",AWS,7,74,66,Analytics,"Machine Learning, TensorFlow, Deep Learning, PyTorch, Azure. 9 projects completed. Certified in Google. Domain: Analytics."
C137,Candidate_137,MCA,3,"TensorFlow, NLP, PyTorch",AWS,9,71,86,Analytics,"TensorFlow, NLP, PyTorch. 4 projects completed. Certified in AWS. Domain: Data Science."
C138,Candidate_138,MCA,8,"PyTorch, TensorFlow, Machine Learning, Python, Tableau, Deep Learning",AWS,3,62,91,AI,"PyTorch, TensorFlow, Machine Learning, Python, Tableau, Deep Learning. 5 projects completed. Certified in Google. Domain: Data Science."
C139,Candidate_139,M.Tech,8,"Deep Learning, SQL, TensorFlow, Machine Learning, PyTorch",AWS,9,59,82,Data Science,"Deep Learning, SQL, TensorFlow, Machine Learning, PyTorch. 4 projects completed. Certified in AWS. Domain: Analytics."
C140,Candidate_140,B.Sc Data Science,10,"TensorFlow, SQL, Machine Learning, AWS",Azure,4,62,77,Data Science,"TensorFlow, SQL, Machine Learning, AWS. 1 projects completed. Certified in Google. Domain: Cloud."
C141,Candidate_141,B.Sc Data Science,7,"Python, AWS, Machine Learning, Deep Learning, Azure",Azure,10,57,54,AI,"Python, AWS, Machine Learning, Deep Learning, Azure. 2 projects completed. Certified in AWS. Domain: AI."
C142,Candidate_142,MCA,6,"NLP, AWS, Azure, TensorFlow, Tableau, PyTorch",Azure,9,78,82,Data Science,"NLP, AWS, Azure, TensorFlow, Tableau, PyTorch. 6 projects completed. Certified in AWS. Domain: Data Science."
C143,Candidate_143,M.Tech,5,"Python, NLP, PyTorch, Deep Learning",Google,10,97,79,Data Science,"Python, NLP, PyTorch, Deep Learning. 9 projects completed. Certified in Google. Domain: Cloud."
C144,Candidate_144,B.Sc Data Science,4,"PyTorch, Python, Machine Learning, Azure",None,8,54,96,Analytics,"PyTorch, Python, Machine Learning, Azure. 3 projects completed. Certified in Azure. Domain: AI."
C145,Candidate_145,B.Tech,5,"AWS, PyTorch, Python, Power BI",None,9,95,84,Analytics,"AWS, PyTorch, Python, Power BI. 10 projects completed. Certified in Google. Domain: Analytics."
C146,Candidate_146,B.Sc Data Science,10,"Deep Learning, Python, TensorFlow, SQL, Tableau",None,8,79,72,AI,"Deep Learning, Python, TensorFlow, SQL, Tableau. 9 projects completed. Certified in Google. Domain: AI."
C147,Candidate_147,B.Tech,8,"PyTorch, TensorFlow, Tableau, Power BI",Azure,9,60,58,Data Science,"PyTorch, TensorFlow, Tableau, Power BI. 5 projects completed. Certified in Azure. Domain: Analytics."
C148,Candidate_148,B.Sc Data Science,10,"Deep Learning, NLP, AWS",None,1,85,83,Analytics,"Deep Learning, NLP, AWS. 6 projects completed. Certified in AWS. Domain: Data Science."
C149,Candidate_149,B.Sc Data Science,10,"PyTorch, Python, Deep Learning, AWS, SQL",Azure,2,96,77,Analytics,"PyTorch, Python, Deep Learning, AWS, SQL. 9 projects completed. Certified in AWS. Domain: Analytics."
C150,Candidate_150,MCA,5,"Tableau, NLP, TensorFlow, SQL, AWS",AWS,1,61,89,Analytics,"Tableau, NLP, TensorFlow, SQL, AWS. 1 projects completed. Certified in Azure. Domain: Analytics."
C151,Candidate_151,B.Tech,3,"NLP, Python, SQL, Power BI, TensorFlow, Machine Learning",AWS,4,77,60,AI,"NLP, Python, SQL, Power BI, TensorFlow, Machine Learning. 3 projects completed. Certified in Google. Domain: Analytics."
C152,Candidate_152,MCA,3,"TensorFlow, Python, Power BI, NLP, Tableau, PyTorch",Azure,4,73,99,Data Science,"TensorFlow, Python, Power BI, NLP, Tableau, PyTorch. 5 projects completed. Certified in Azure. Domain: Data Science."
C153,Candidate_153,B.Sc Data Science,7,"AWS, Power BI, Python, Deep Learning, Machine Learning, TensorFlow",Azure,7,66,94,AI,"AWS, Power BI, Python, Deep Learning, Machine Learning, TensorFlow. 10 projects completed. Certified in Azure. Domain: Data Science."
C154,Candidate_154,M.Tech,2,"Azure, Deep Learning, Machine Learning, Python, Power BI, Tableau",Azure,4,64,69,AI,"Azure, Deep Learning, Machine Learning, Python, Power BI, Tableau. 7 projects completed. Certified in AWS. Domain: Cloud."
C155,Candidate_155,MCA,7,"Machine Learning, Azure, AWS, Tableau, NLP, SQL",Google,10,56,58,AI,"Machine Learning, Azure, AWS, Tableau, NLP, SQL. 1 projects completed. Certified in Azure. Domain: Analytics."
C156,Candidate_156,B.Tech,2,"SQL, Tableau, Deep Learning, NLP",AWS,6,77,98,AI,"SQL, Tableau, Deep Learning, NLP. 5 projects completed. Certified in Azure. Domain: Data Science."
C157,Candidate_157,MCA,4,"AWS, NLP, Machine Learning, TensorFlow, PyTorch",None,4,56,50,Cloud,"AWS, NLP, Machine Learning, TensorFlow, PyTorch. 1 projects completed. Certified in AWS. Domain: Analytics."
C158,Candidate_158,M.Tech,2,"Azure, Python, Power BI",Azure,2,94,96,Analytics,"Azure, Python, Power BI. 8 projects completed. Certified in Google. Domain: AI."
C159,Candidate_159,B.Tech,7,"SQL, Python, Azure, NLP, Tableau, TensorFlow",AWS,8,60,64,AI,"SQL, Python, Azure, NLP, Tableau, TensorFlow. 8 projects completed. Certified in Google. Domain: Data Science."
C160,Candidate_160,B.Sc Data Science,0,"Tableau, Python, AWS, SQL, NLP",AWS,2,53,54,Analytics,"Tableau, Python, AWS, SQL, NLP. 5 projects completed. Certified in Azure. Domain: Analytics."
C161,Candidate_161,B.Tech,2,"Power BI, SQL, Deep Learning",Azure,4,80,52,AI,"Power BI, SQL, Deep Learning. 2 projects completed. Certified in Google. Domain: Data Science."
C162,Candidate_162,B.Sc Data Science,1,"PyTorch, AWS, Tableau, Machine Learning",AWS,5,83,80,Data Science,"PyTorch, AWS, Tableau, Machine Learning. 5 projects completed. Certified in AWS. Domain: Cloud."
C163,Candidate_163,MCA,2,"Machine Learning, Python, PyTorch",AWS,1,93,56,AI,"Machine Learning, Python, PyTorch. 9 projects completed. Certified in Google. Domain: AI."
C164,Candidate_164,MCA,4,"AWS, SQL, NLP, Tableau",Google,8,95,57,Analytics,"AWS, SQL, NLP, Tableau. 7 projects completed. Certified in Azure. Domain: Analytics."
C165,Candidate_165,B.Tech,6,"Power BI, AWS, Deep Learning, Azure, NLP, Python",AWS,4,95,61,Analytics,"Power BI, AWS, Deep Learning, Azure, NLP, Python. 10 projects completed. Certified in AWS. Domain: Analytics."
C166,Candidate_166,MCA,2,"Tableau, AWS, Power BI, NLP, Python, Azure",None,1,50,73,AI,"Tableau, AWS, Power BI, NLP, Python, Azure. 2 projects completed. Certified in AWS. Domain: Analytics."
C167,Candidate_167,B.Tech,1,"Python, Power BI, Deep Learning, PyTorch, TensorFlow, AWS",None,3,54,95,AI,"Python, Power BI, Deep Learning, PyTorch, TensorFlow, AWS. 9 projects completed. Certified in AWS. Domain: Data Science."
C168,Candidate_168,MCA,1,"AWS, Tableau, Machine Learning, Azure, PyTorch",Google,3,52,52,Cloud,"AWS, Tableau, Machine Learning, Azure, PyTorch. 1 projects completed. Certified in Azure. Domain: Data Science."
C169,Candidate_169,B.Sc Data Science,10,"Deep Learning, Python, Azure, TensorFlow",Azure,2,62,98,Data Science,"Deep Learning, Python, Azure, TensorFlow. 3 projects completed. Certified in Azure. Domain: Analytics."
C170,Candidate_170,B.Tech,9,"NLP, TensorFlow, Power BI",None,2,54,75,Data Science,"NLP, TensorFlow, Power BI. 6 projects completed. Certified in Azure. Domain: Analytics."
C171,Candidate_171,B.Sc Data Science,7,"TensorFlow, SQL, PyTorch",None,5,69,86,Analytics,"TensorFlow, SQL, PyTorch. 7 projects completed. Certified in Google. Domain: Data Science."
C172,Candidate_172,MCA,1,"AWS, Azure, Python, Tableau, Power BI, SQL",AWS,8,97,100,Analytics,"AWS, Azure, Python, Tableau, Power BI, SQL. 5 projects completed. Certified in Google. Domain: Analytics."
C173,Candidate_173,B.Sc Data Science,9,"NLP, Azure, Python, Machine Learning, PyTorch, Deep Learning",AWS,10,73,83,Cloud,"NLP, Azure, Python, Machine Learning, PyTorch, Deep Learning. 1 projects completed. Certified in Azure. Domain: AI."
C174,Candidate_174,M.Tech,6,"TensorFlow, AWS, Tableau, Power BI, PyTorch",None,7,70,96,Analytics,"TensorFlow, AWS, Tableau, Power BI, PyTorch. 6 projects completed. Certified in Google. Domain: Data Science."
C175,Candidate_175,B.Tech,4,"Python, Tableau, Deep Learning, AWS, PyTorch",None,9,59,75,Cloud,"Python, Tableau, Deep Learning, AWS, PyTorch. 1 projects completed. Certified in Azure. Domain: AI."
C176,Candidate_176,MCA,7,"AWS, TensorFlow, NLP",Azure,1,83,93,Analytics,"AWS, TensorFlow, NLP. 6 projects completed. Certified in AWS. Domain: Cloud."
C177,Candidate_177,MCA,5,"Machine Learning, Tableau, Azure, AWS",Azure,3,62,52,Analytics,"Machine Learning, Tableau, Azure, AWS. 7 projects completed. Certified in Google. Domain: Data Science."
C178,Candidate_178,B.Tech,4,"Machine Learning, AWS, Deep Learning, Python, SQL, Azure",Google,3,50,93,Analytics,"Machine Learning, AWS, Deep Learning, Python, SQL, Azure. 2 projects completed. Certified in Google. Domain: Analytics."
C179,Candidate_179,MCA,1,"Tableau, Python, Power BI, PyTorch, Deep Learning, Azure",Google,8,80,51,Analytics,"Tableau, Python, Power BI, PyTorch, Deep Learning, Azure. 6 projects completed. Certified in Azure. Domain: Cloud."
C180,Candidate_180,B.Sc Data Science,5,"PyTorch, Deep Learning, Machine Learning",None,6,56,99,Analytics,"PyTorch, Deep Learning, Machine Learning. 4 projects completed. Certified in AWS. Domain: Cloud."
C181,Candidate_181,M.Tech,7,"Machine Learning, Azure, Python, SQL, Tableau",None,4,57,82,Data Science,"Machine Learning, Azure, Python, SQL, Tableau. 2 projects completed. Certified in AWS. Domain: Data Science."
C182,Candidate_182,MCA,10,"Azure, AWS, Machine Learning",Google,3,65,62,AI,"Azure, AWS, Machine Learning. 1 projects completed. Certified in Google. Domain: Data Science."
C183,Candidate_183,B.Sc Data Science,7,"NLP, Python, AWS, Power BI, Deep Learning",Google,2,99,68,Data Science,"NLP, Python, AWS, Power BI, Deep Learning. 3 projects completed. Certified in Azure. Domain: Cloud."
C184,Candidate_184,B.Sc Data Science,5,"SQL, Python, Deep Learning, TensorFlow, NLP",None,9,66,100,Data Science,"SQL, Python, Deep Learning, TensorFlow, NLP. 4 projects completed. Certified in Azure. Domain: AI."
C185,Candidate_185,B.Sc Data Science,4,"Tableau, Python, PyTorch, Machine Learning, TensorFlow",None,9,81,55,Data Science,"Tableau, Python, PyTorch, Machine Learning, TensorFlow. 8 projects completed. Certified in Google. Domain: Data Science."
C186,Candidate_186,M.Tech,1,"Azure, TensorFlow, NLP",Google,2,55,87,AI,"Azure, TensorFlow, NLP. 1 projects completed. Certified in AWS. Domain: Analytics."
C187,Candidate_187,B.Sc Data Science,4,"Azure, SQL, Deep Learning, TensorFlow, NLP",None,4,50,55,Cloud,"Azure, SQL, Deep Learning, TensorFlow, NLP. 3 projects completed. Certified in Azure. Domain: Cloud."
C188,Candidate_188,M.Tech,0,"Azure, Deep Learning, PyTorch, Tableau",AWS,1,87,51,Analytics,"Azure, Deep Learning, PyTorch, Tableau. 5 projects completed. Certified in Azure. Domain: Data Science."
C189,Candidate_189,MCA,7,"SQL, PyTorch, TensorFlow",AWS,2,81,84,Cloud,"SQL, PyTorch, TensorFlow. 1 projects completed. Certified in AWS. Domain: AI."
C190,Candidate_190,MCA,0,"Tableau, SQL, PyTorch, AWS",None,10,73,56,AI,"Tableau, SQL, PyTorch, AWS. 5 projects completed. Certified in AWS. Domain: Cloud."
C191,Candidate_191,MCA,3,"Azure, PyTorch, TensorFlow, Machine Learning, SQL",AWS,3,94,64,Analytics,"Azure, PyTorch, TensorFlow, Machine Learning, SQL. 8 projects completed. Certified in AWS. Domain: Cloud."
C192,Candidate_192,B.Tech,8,"Power BI, Azure, TensorFlow, Deep Learning, PyTorch",Google,9,82,68,Cloud,"Power BI, Azure, TensorFlow, Deep Learning, PyTorch. 8 projects completed. Certified in Azure. Domain: Cloud."
C193,Candidate_193,MCA,0,"NLP, AWS, PyTorch",AWS,3,78,88,AI,"NLP, AWS, PyTorch. 2 projects completed. Certified in Google. Domain: Analytics."
C194,Candidate_194,B.Tech,8,"Power BI, Deep Learning, Azure, Machine Learning, Python, NLP",None,10,76,93,Cloud,"Power BI, Deep Learning, Azure, Machine Learning, Python, NLP. 8 projects completed. Certified in Azure. Domain: Data Science."
C195,Candidate_195,M.Tech,9,"Python, Deep Learning, NLP",Google,5,91,80,Cloud,"Python, Deep Learning, NLP. 10 projects completed. Certified in Google. Domain: Cloud."
C196,Candidate_196,M.Tech,6,"TensorFlow, Power BI, Tableau, PyTorch",Google,5,68,94,Data Science,"TensorFlow, Power BI, Tableau, PyTorch. 4 projects completed. Certified in Google. Domain: Data Science."
C197,Candidate_197,MCA,1,"NLP, TensorFlow, Power BI, SQL, PyTorch",Google,6,89,54,Cloud,"NLP, TensorFlow, Power BI, SQL, PyTorch. 3 projects completed. Certified in Azure. Domain: AI."
C198,Candidate_198,M.Tech,4,"Azure, Machine Learning, SQL",Azure,8,61,85,Analytics,"Azure, Machine Learning, SQL. 5 projects completed. Certified in Azure. Domain: Analytics."
C199,Candidate_199,B.Sc Data Science,8,"Tableau, Azure, PyTorch, Deep Learning, TensorFlow",None,3,63,62,Cloud,"Tableau, Azure, PyTorch, Deep Learning, TensorFlow. 2 projects completed. Certified in AWS. Domain: Cloud."
C200,Candidate_200,MCA,7,"Tableau, PyTorch, SQL",Google,10,89,52,Analytics,"Tableau, PyTorch, SQL. 6 projects completed. Certified in AWS. Domain: AI."
C201,Candidate_201,B.Sc Data Science,3,"Python, Machine Learning, AWS",Google,6,66,83,Analytics,"Python, Machine Learning, AWS. 9 projects completed. Certified in Google. Domain: AI."
C202,Candidate_202,B.Sc Data Science,7,"PyTorch, Power BI, Machine Learning, NLP, AWS, TensorFlow",Azure,7,85,73,Data Science,"PyTorch, Power BI, Machine Learning, NLP, AWS, TensorFlow. 5 projects completed. Certified in Google. Domain: Cloud."
C203,Candidate_203,MCA,4,"NLP, SQL, AWS, Machine Learning, Python, Tableau",None,1,99,89,AI,"NLP, SQL, AWS, Machine Learning, Python, Tableau. 4 projects completed. Certified in AWS. Domain: AI."
C204,Candidate_204,B.Tech,4,"Power BI, NLP, Deep Learning, Machine Learning, PyTorch",AWS,6,89,77,Analytics,"Power BI, NLP, Deep Learning, Machine Learning, PyTorch. 4 projects completed. Certified in Google. Domain: Cloud."
C205,Candidate_205,B.Sc Data Science,6,"Azure, Tableau, AWS, NLP",Google,9,98,93,AI,"Azure, Tableau, AWS, NLP. 4 projects completed. Certified in Azure. Domain: Data Science."
C206,Candidate_206,M.Tech,10,"Deep Learning, SQL, TensorFlow, PyTorch, Power BI",Azure,9,78,94,AI,"Deep Learning, SQL, TensorFlow, PyTorch, Power BI. 5 projects completed. Certified in Google. Domain: Analytics."
C207,Candidate_207,MCA,1,"Python, NLP, PyTorch, SQL, Machine Learning",Azure,1,100,86,Data Science,"Python, NLP, PyTorch, SQL, Machine Learning. 9 projects completed. Certified in AWS. Domain: Analytics."
C208,Candidate_208,B.Sc Data Science,7,"Azure, Machine Learning, Tableau",AWS,2,80,79,Analytics,"Azure, Machine Learning, Tableau. 10 projects completed. Certified in Azure. Domain: Data Science."
C209,Candidate_209,B.Tech,7,"Azure, TensorFlow, NLP",None,6,52,84,AI,"Azure, TensorFlow, NLP. 8 projects completed. Certified in Google. Domain: AI."
C210,Candidate_210,B.Tech,2,"Deep Learning, Tableau, SQL",Google,5,91,95,Data Science,"Deep Learning, Tableau, SQL. 1 projects completed. Certified in Azure. Domain: AI."
C211,Candidate_211,M.Tech,3,"Machine Learning, SQL, NLP",None,3,62,88,AI,"Machine Learning, SQL, NLP. 4 projects completed. Certified in Azure. Domain: Cloud."
C212,Candidate_212,MCA,7,"Power BI, TensorFlow, Tableau, Azure, Deep Learning",AWS,3,80,72,Data Science,"Power BI, TensorFlow, Tableau, Azure, Deep Learning. 6 projects completed. Certified in Google. Domain: AI."
C213,Candidate_213,B.Tech,0,"TensorFlow, Machine Learning, Python, AWS",Azure,10,90,91,Data Science,"TensorFlow, Machine Learning, Python, AWS. 2 projects completed. Certified in Azure. Domain: Cloud."
C214,Candidate_214,M.Tech,10,"Machine Learning, AWS, SQL, Azure, Tableau",Azure,7,74,96,Data Science,"Machine Learning, AWS, SQL, Azure, Tableau. 5 projects completed. Certified in Google. Domain: AI."
C215,Candidate_215,B.Sc Data Science,7,"NLP, SQL, PyTorch",Google,9,65,50,Analytics,"NLP, SQL, PyTorch. 3 projects completed. Certified in AWS. Domain: AI."
C216,Candidate_216,MCA,1,"Deep Learning, AWS, Tableau, TensorFlow",Google,5,75,57,Data Science,"Deep Learning, AWS, Tableau, TensorFlow. 1 projects completed. Certified in Azure. Domain: Cloud."
C217,Candidate_217,B.Sc Data Science,6,"NLP, Power BI, AWS, Tableau, Azure, PyTorch",Google,2,73,69,Cloud,"NLP, Power BI, AWS, Tableau, Azure, PyTorch. 9 projects completed. Certified in Google. Domain: Data Science."
C218,Candidate_218,B.Sc Data Science,5,"Deep Learning, TensorFlow, Azure",AWS,9,55,67,Analytics,"Deep Learning, TensorFlow, Azure. 6 projects completed. Certified in AWS. Domain: Analytics."
C219,Candidate_219,B.Sc Data Science,3,"PyTorch, Python, Machine Learning, AWS",Azure,9,91,63,Cloud,"PyTorch, Python, Machine Learning, AWS. 10 projects completed. Certified in Azure. Domain: Cloud."
C220,Candidate_220,M.Tech,9,"PyTorch, Python, Machine Learning, Tableau, Deep Learning",Google,1,79,94,Data Science,"PyTorch, Python, Machine Learning, Tableau, Deep Learning. 9 projects completed. Certified in AWS. Domain: Analytics."
C221,Candidate_221,B.Tech,9,"Deep Learning, TensorFlow, NLP, Python, Azure, AWS",AWS,8,78,70,Cloud,"Deep Learning, TensorFlow, NLP, Python, Azure, AWS. 5 projects completed. Certified in Azure. Domain: Cloud."
C222,Candidate_222,B.Tech,7,"Azure, Tableau, NLP, Deep Learning, SQL",None,9,77,51,Data Science,"Azure, Tableau, NLP, Deep Learning, SQL. 1 projects completed. Certified in Azure. Domain: Cloud."
C223,Candidate_223,M.Tech,0,"TensorFlow, Python, NLP, PyTorch",Azure,8,95,52,AI,"TensorFlow, Python, NLP, PyTorch. 10 projects completed. Certified in AWS. Domain: Analytics."
C224,Candidate_224,MCA,3,"Azure, NLP, SQL",AWS,4,95,84,Data Science,"Azure, NLP, SQL. 9 projects completed. Certified in Google. Domain: Analytics."
C225,Candidate_225,MCA,2,"AWS, Python, Deep Learning, SQL, Power BI, Tableau",Google,7,83,55,Cloud,"AWS, Python, Deep Learning, SQL, Power BI, Tableau. 3 projects completed. Certified in Google. Domain: AI."
C226,Candidate_226,MCA,6,"Python, Power BI, PyTorch",Azure,9,62,62,Analytics,"Python, Power BI, PyTorch. 8 projects completed. Certified in AWS. Domain: Analytics."
C227,Candidate_227,B.Tech,8,"Azure, Deep Learning, AWS, TensorFlow, Machine Learning",AWS,6,96,65,Cloud,"Azure, Deep Learning, AWS, TensorFlow, Machine Learning. 7 projects completed. Certified in AWS. Domain: Analytics."
C228,Candidate_228,M.Tech,7,"PyTorch, Power BI, Deep Learning, SQL",None,2,59,89,AI,"PyTorch, Power BI, Deep Learning, SQL. 9 projects completed. Certified in Google. Domain: Cloud."
C229,Candidate_229,MCA,10,"TensorFlow, Power BI, SQL, PyTorch",None,6,83,55,AI,"TensorFlow, Power BI, SQL, PyTorch. 5 projects completed. Certified in Google. Domain: Data Science."
C230,Candidate_230,B.Tech,8,"PyTorch, Python, Machine Learning, Tableau",Azure,8,75,66,Analytics,"PyTorch, Python, Machine Learning, Tableau. 1 projects completed. Certified in Google. Domain: Cloud."
C231,Candidate_231,MCA,10,"Tableau, Python, Deep Learning, NLP, SQL, Azure",None,3,79,53,Cloud,"Tableau, Python, Deep Learning, NLP, SQL, Azure. 5 projects completed. Certified in Google. Domain: Cloud."
C232,Candidate_232,B.Tech,1,"TensorFlow, Azure, Machine Learning, Power BI, AWS, Tableau",AWS,4,83,97,Analytics,"TensorFlow, Azure, Machine Learning, Power BI, AWS, Tableau. 9 projects completed. Certified in Google. Domain: Analytics."
C233,Candidate_233,M.Tech,10,"AWS, Python, TensorFlow, NLP",Google,2,93,90,Data Science,"AWS, Python, TensorFlow, NLP. 2 projects completed. Certified in Google. Domain: Cloud."
C234,Candidate_234,B.Tech,10,"NLP, Power BI, Azure, Machine Learning, Deep Learning",None,8,80,54,Cloud,"NLP, Power BI, Azure, Machine Learning, Deep Learning. 5 projects completed. Certified in Google. Domain: AI."
C235,Candidate_235,M.Tech,1,"Azure, AWS, Python, Deep Learning, SQL",AWS,8,86,82,Cloud,"Azure, AWS, Python, Deep Learning, SQL. 2 projects completed. Certified in AWS. Domain: Cloud."
C236,Candidate_236,B.Tech,4,"NLP, PyTorch, Deep Learning, TensorFlow",None,6,93,61,Cloud,"NLP, PyTorch, Deep Learning, TensorFlow. 5 projects completed. Certified in Google. Domain: Data Science."
C237,Candidate_237,B.Sc Data Science,6,"SQL, AWS, Deep Learning, PyTorch, Machine Learning, TensorFlow",AWS,4,89,97,Cloud,"SQL, AWS, Deep Learning, PyTorch, Machine Learning, TensorFlow. 6 projects completed. Certified in AWS. Domain: Cloud."
C238,Candidate_238,B.Tech,0,"Machine Learning, Python, Azure, Tableau, SQL",Google,4,86,69,Analytics,"Machine Learning, Python, Azure, Tableau, SQL. 10 projects completed. Certified in AWS. Domain: Cloud."
C239,Candidate_239,B.Tech,5,"Deep Learning, Power BI, Machine Learning, Azure",None,6,95,80,Data Science,"Deep Learning, Power BI, Machine Learning, Azure. 2 projects completed. Certified in Google. Domain: Cloud."
C240,Candidate_240,B.Tech,9,"AWS, Tableau, Power BI, SQL",Azure,6,71,60,Cloud,"AWS, Tableau, Power BI, SQL. 10 projects completed. Certified in AWS. Domain: Analytics."
C241,Candidate_241,B.Tech,7,"PyTorch, Python, Tableau, Power BI",AWS,2,62,67,Analytics,"PyTorch, Python, Tableau, Power BI. 6 projects completed. Certified in Azure. Domain: Analytics."
C242,Candidate_242,M.Tech,8,"Azure, PyTorch, Tableau, SQL",AWS,10,56,91,Analytics,"Azure, PyTorch, Tableau, SQL. 2 projects completed. Certified in Google. Domain: Data Science."
C243,Candidate_243,MCA,6,"NLP, Power BI, Deep Learning, TensorFlow",AWS,5,64,77,AI,"NLP, Power BI, Deep Learning, TensorFlow. 8 projects completed. Certified in Azure. Domain: Cloud."
C244,Candidate_244,B.Sc Data Science,3,"Power BI, NLP, PyTorch, Machine Learning, TensorFlow, Azure",None,4,86,63,Analytics,"Power BI, NLP, PyTorch, Machine Learning, TensorFlow, Azure. 6 projects completed. Certified in Azure. Domain: AI."
C245,Candidate_245,B.Sc Data Science,2,"AWS, Machine Learning, Tableau, NLP, Deep Learning",Azure,5,64,63,Analytics,"AWS, Machine Learning, Tableau, NLP, Deep Learning. 10 projects completed. Certified in AWS. Domain: Analytics."
C246,Candidate_246,MCA,3,"Python, Machine Learning, SQL",Azure,9,65,60,Data Science,"Python, Machine Learning, SQL. 6 projects completed. Certified in AWS. Domain: Cloud."
C247,Candidate_247,B.Tech,7,"Tableau, Power BI, SQL, Machine Learning",None,9,72,88,Cloud,"Tableau, Power BI, SQL, Machine Learning. 5 projects completed. Certified in Google. Domain: Cloud."
C248,Candidate_248,MCA,5,"Tableau, Deep Learning, NLP",Google,3,58,98,Cloud,"Tableau, Deep Learning, NLP. 1 projects completed. Certified in AWS. Domain: Data Science."
C249,Candidate_249,MCA,3,"Azure, SQL, AWS, Python, PyTorch",Azure,7,55,87,Analytics,"Azure, SQL, AWS, Python, PyTorch. 7 projects completed. Certified in Google. Domain: Cloud."
C250,Candidate_250,B.Sc Data Science,1,"NLP, PyTorch, AWS, Machine Learning",Google,5,92,59,Data Science,"NLP, PyTorch, AWS, Machine Learning. 8 projects completed. Certified in Azure. Domain: Analytics."
C251,Candidate_251,B.Sc Data Science,5,"PyTorch, Deep Learning, Machine Learning, Power BI, Tableau, AWS",None,5,74,81,AI,"PyTorch, Deep Learning, Machine Learning, Power BI, Tableau, AWS. 1 projects completed. Certified in Google. Domain: AI."
C252,Candidate_252,MCA,2,"Deep Learning, TensorFlow, Python, PyTorch",Google,2,99,60,Analytics,"Deep Learning, TensorFlow, Python, PyTorch. 7 projects completed. Certified in Google. Domain: Analytics."
C253,Candidate_253,MCA,10,"NLP, Power BI, SQL",Google,10,76,53,AI,"NLP, Power BI, SQL. 6 projects completed. Certified in AWS. Domain: Cloud."
C254,Candidate_254,M.Tech,7,"Deep Learning, NLP, Python",AWS,8,89,100,Analytics,"Deep Learning, NLP, Python. 10 projects completed. Certified in Google. Domain: Cloud."
C255,Candidate_255,M.Tech,2,"SQL, AWS, PyTorch, Azure",AWS,6,87,90,Cloud,"SQL, AWS, PyTorch, Azure. 5 projects completed. Certified in AWS. Domain: Analytics."
C256,Candidate_256,B.Sc Data Science,5,"AWS, Python, SQL",Azure,9,81,69,Data Science,"AWS, Python, SQL. 4 projects completed. Certified in AWS. Domain: Analytics."
C257,Candidate_257,MCA,2,"Azure, TensorFlow, Power BI, Deep Learning",Azure,1,67,83,AI,"Azure, TensorFlow, Power BI, Deep Learning. 8 projects completed. Certified in Azure. Domain: Data Science."
C258,Candidate_258,B.Sc Data Science,4,"PyTorch, Azure, Deep Learning",Azure,9,95,99,AI,"PyTorch, Azure, Deep Learning. 2 projects completed. Certified in Azure. Domain: Data Science."
C259,Candidate_259,B.Sc Data Science,7,"SQL, Machine Learning, Python, Azure",AWS,5,73,77,Cloud,"SQL, Machine Learning, Python, Azure. 9 projects completed. Certified in Google. Domain: Data Science."
C260,Candidate_260,B.Sc Data Science,10,"Deep Learning, SQL, Python, AWS, Tableau, TensorFlow",None,7,74,89,Data Science,"Deep Learning, SQL, Python, AWS, Tableau, TensorFlow. 2 projects completed. Certified in Google. Domain: AI."
C261,Candidate_261,M.Tech,0,"PyTorch, SQL, TensorFlow",AWS,3,74,79,Data Science,"PyTorch, SQL, TensorFlow. 10 projects completed. Certified in Azure. Domain: AI."
C262,Candidate_262,B.Tech,2,"SQL, Python, Power BI, Tableau, Azure, NLP",None,8,51,85,Cloud,"SQL, Python, Power BI, Tableau, Azure, NLP. 5 projects completed. Certified in Google. Domain: Cloud."
C263,Candidate_263,B.Sc Data Science,6,"Machine Learning, TensorFlow, Tableau, PyTorch",Google,3,59,87,Analytics,"Machine Learning, TensorFlow, Tableau, PyTorch. 2 projects completed. Certified in Google. Domain: Cloud."
C264,Candidate_264,B.Sc Data Science,6,"Deep Learning, SQL, PyTorch, Python, NLP, AWS",AWS,7,52,56,Data Science,"Deep Learning, SQL, PyTorch, Python, NLP, AWS. 3 projects completed. Certified in Azure. Domain: Data Science."
C265,Candidate_265,B.Tech,8,"Azure, Machine Learning, TensorFlow, PyTorch, Tableau, SQL",Google,10,100,91,Data Science,"Azure, Machine Learning, TensorFlow, PyTorch, Tableau, SQL. 10 projects completed. Certified in Google. Domain: AI."
C266,Candidate_266,M.Tech,2,"TensorFlow, Azure, NLP",None,3,62,79,Data Science,"TensorFlow, Azure, NLP. 1 projects completed. Certified in Google. Domain: Data Science."
C267,Candidate_267,MCA,2,"Power BI, Machine Learning, SQL",Google,6,50,85,Data Science,"Power BI, Machine Learning, SQL. 9 projects completed. Certified in AWS. Domain: Analytics."
C268,Candidate_268,M.Tech,10,"Azure, AWS, TensorFlow, Machine Learning, SQL",Azure,6,50,98,Cloud,"Azure, AWS, TensorFlow, Machine Learning, SQL. 3 projects completed. Certified in AWS. Domain: Cloud."
C269,Candidate_269,MCA,1,"Machine Learning, SQL, Deep Learning, NLP",Azure,5,58,57,AI,"Machine Learning, SQL, Deep Learning, NLP. 8 projects completed. Certified in Google. Domain: Cloud."
C270,Candidate_270,MCA,4,"TensorFlow, Tableau, Deep Learning",AWS,3,76,82,Cloud,"TensorFlow, Tableau, Deep Learning. 6 projects completed. Certified in AWS. Domain: Analytics."
C271,Candidate_271,B.Sc Data Science,6,"Azure, NLP, TensorFlow, AWS",Azure,10,59,67,Cloud,"Azure, NLP, TensorFlow, AWS. 8 projects completed. Certified in AWS. Domain: AI."
C272,Candidate_272,B.Sc Data Science,3,"AWS, Tableau, Python, NLP",None,7,69,79,AI,"AWS, Tableau, Python, NLP. 5 projects completed. Certified in Azure. Domain: Analytics."
C273,Candidate_273,M.Tech,3,"Machine Learning, Deep Learning, Azure, Tableau",AWS,9,58,64,Data Science,"Machine Learning, Deep Learning, Azure, Tableau. 2 projects completed. Certified in Google. Domain: Data Science."
C274,Candidate_274,B.Sc Data Science,4,"Power BI, Python, PyTorch, Machine Learning, TensorFlow",AWS,5,96,55,Analytics,"Power BI, Python, PyTorch, Machine Learning, TensorFlow. 4 projects completed. Certified in AWS. Domain: Cloud."
C275,Candidate_275,B.Sc Data Science,10,"Python, Azure, NLP, SQL, PyTorch, Deep Learning",AWS,8,88,91,Cloud,"Python, Azure, NLP, SQL, PyTorch, Deep Learning. 2 projects completed. Certified in AWS. Domain: AI."
C276,Candidate_276,B.Tech,0,"SQL, Tableau, TensorFlow, Power BI",AWS,2,94,94,AI,"SQL, Tableau, TensorFlow, Power BI. 4 projects completed. Certified in AWS. Domain: Cloud."
C277,Candidate_277,B.Sc Data Science,8,"Azure, Machine Learning, NLP, TensorFlow, PyTorch, Power BI",Google,3,63,74,Data Science,"Azure, Machine Learning, NLP, TensorFlow, PyTorch, Power BI. 2 projects completed. Certified in Google. Domain: Data Science."
C278,Candidate_278,MCA,3,"AWS, NLP, TensorFlow, Deep Learning, SQL, Power BI",Google,3,73,63,Cloud,"AWS, NLP, TensorFlow, Deep Learning, SQL, Power BI. 4 projects completed. Certified in Google. Domain: Data Science."
C279,Candidate_279,MCA,5,"AWS, Azure, Power BI",Azure,1,80,56,Data Science,"AWS, Azure, Power BI. 8 projects completed. Certified in Azure. Domain: Data Science."
C280,Candidate_280,MCA,9,"SQL, TensorFlow, Machine Learning, PyTorch, Python",None,7,83,61,AI,"SQL, TensorFlow, Machine Learning, PyTorch, Python. 2 projects completed. Certified in Azure. Domain: Analytics."
C281,Candidate_281,B.Tech,2,"Python, Power BI, Machine Learning, Tableau, Deep Learning",Azure,8,94,83,Data Science,"Python, Power BI, Machine Learning, Tableau, Deep Learning. 3 projects completed. Certified in Azure. Domain: Cloud."
C282,Candidate_282,B.Sc Data Science,7,"AWS, Machine Learning, SQL, PyTorch",Azure,10,78,97,Cloud,"AWS, Machine Learning, SQL, PyTorch. 2 projects completed. Certified in Azure. Domain: Data Science."
C283,Candidate_283,M.Tech,6,"TensorFlow, Tableau, Deep Learning, Power BI, NLP",AWS,5,50,87,AI,"TensorFlow, Tableau, Deep Learning, Power BI, NLP. 3 projects completed. Certified in Google. Domain: Data Science."
C284,Candidate_284,M.Tech,5,"SQL, Deep Learning, AWS, TensorFlow",Azure,3,70,60,Analytics,"SQL, Deep Learning, AWS, TensorFlow. 1 projects completed. Certified in Azure. Domain: Data Science."
C285,Candidate_285,B.Sc Data Science,8,"TensorFlow, AWS, Power BI, Azure",None,5,63,74,Analytics,"TensorFlow, AWS, Power BI, Azure. 10 projects completed. Certified in Google. Domain: Cloud."
C286,Candidate_286,M.Tech,3,"TensorFlow, SQL, NLP, Tableau, Azure",Azure,4,99,59,Data Science,"TensorFlow, SQL, NLP, Tableau, Azure. 1 projects completed. Certified in Azure. Domain: AI."
C287,Candidate_287,B.Sc Data Science,6,"Deep Learning, Power BI, NLP",AWS,2,90,96,Data Science,"Deep Learning, Power BI, NLP. 5 projects completed. Certified in Azure. Domain: Data Science."
C288,Candidate_288,B.Sc Data Science,1,"Azure, SQL, AWS, Machine Learning, Tableau",None,2,70,93,AI,"Azure, SQL, AWS, Machine Learning, Tableau. 5 projects completed. Certified in AWS. Domain: Analytics."
C289,Candidate_289,M.Tech,6,"Machine Learning, NLP, SQL, Azure",None,2,95,100,Analytics,"Machine Learning, NLP, SQL, Azure. 2 projects completed. Certified in Azure. Domain: Analytics."
C290,Candidate_290,B.Tech,4,"NLP, Power BI, Machine Learning, Azure, Tableau",Azure,4,54,82,AI,"NLP, Power BI, Machine Learning, Azure, Tableau. 4 projects completed. Certified in AWS. Domain: AI."
C291,Candidate_291,B.Sc Data Science,10,"Deep Learning, SQL, NLP, Azure, AWS, TensorFlow",Google,7,57,58,Cloud,"Deep Learning, SQL, NLP, Azure, AWS, TensorFlow. 6 projects completed. Certified in Azure. Domain: Cloud."
C292,Candidate_292,MCA,4,"Power BI, AWS, PyTorch, Machine Learning, Python, NLP",None,8,96,92,Cloud,"Power BI, AWS, PyTorch, Machine Learning, Python, NLP. 1 projects completed. Certified in Google. Domain: AI."
C293,Candidate_293,B.Sc Data Science,8,"TensorFlow, Tableau, NLP, PyTorch",None,4,75,73,Analytics,"TensorFlow, Tableau, NLP, PyTorch. 1 projects completed. Certified in Azure. Domain: Data Science."
C294,Candidate_294,M.Tech,0,"Power BI, TensorFlow, Tableau, AWS",AWS,2,84,73,Cloud,"Power BI, TensorFlow, Tableau, AWS. 9 projects completed. Certified in Google. Domain: Analytics."
C295,Candidate_295,M.Tech,5,"NLP, SQL, Azure, Tableau",Azure,3,85,58,Cloud,"NLP, SQL, Azure, Tableau. 4 projects completed. Certified in Azure. Domain: Analytics."
C296,Candidate_296,MCA,9,"Deep Learning, Azure, PyTorch, SQL, NLP, AWS",None,3,60,52,Data Science,"Deep Learning, Azure, PyTorch, SQL, NLP, AWS. 4 projects completed. Certified in AWS. Domain: AI."
C297,Candidate_297,M.Tech,0,"AWS, Azure, Power BI, Machine Learning",Azure,10,77,63,Cloud,"AWS, Azure, Power BI, Machine Learning. 8 projects completed. Certified in Google. Domain: Cloud."
C298,Candidate_298,B.Tech,7,"AWS, Azure, SQL, NLP",AWS,5,96,73,Analytics,"AWS, Azure, SQL, NLP. 7 projects completed. Certified in Azure. Domain: AI."
C299,Candidate_299,M.Tech,7,"Python, AWS, Tableau, Machine Learning, Azure",Azure,6,94,79,AI,"Python, AWS, Tableau, Machine Learning, Azure. 10 projects completed. Certified in AWS. Domain: Data Science."
C300,Candidate_300,B.Sc Data Science,3,"SQL, Python, Deep Learning, TensorFlow, PyTorch",AWS,8,85,57,AI,"SQL, Python, Deep Learning, TensorFlow, PyTorch. 10 projects completed. Certified in AWS. Domain: AI."
C301,Candidate_301,M.Tech,6,"NLP, TensorFlow, Deep Learning, SQL, Python, Power BI",AWS,3,91,62,Data Science,"NLP, TensorFlow, Deep Learning, SQL, Python, Power BI. 7 projects completed. Certified in Azure. Domain: Cloud."
C302,Candidate_302,B.Tech,9,"PyTorch, Azure, TensorFlow, Power BI, Python",None,8,83,50,AI,"PyTorch, Azure, TensorFlow, Power BI, Python. 10 projects completed. Certified in AWS. Domain: Cloud."
C303,Candidate_303,M.Tech,6,"TensorFlow, Machine Learning, NLP, AWS",AWS,1,80,83,AI,"TensorFlow, Machine Learning, NLP, AWS. 9 projects completed. Certified in Azure. Domain: Cloud."
C304,Candidate_304,MCA,8,"Machine Learning, SQL, Python, Tableau, Azure",None,6,99,69,Analytics,"Machine Learning, SQL, Python, Tableau, Azure. 5 projects completed. Certified in Azure. Domain: AI."
C305,Candidate_305,B.Sc Data Science,2,"PyTorch, TensorFlow, Machine Learning, SQL",Google,10,65,68,Data Science,"PyTorch, TensorFlow, Machine Learning, SQL. 7 projects completed. Certified in AWS. Domain: Cloud."
C306,Candidate_306,M.Tech,8,"Power BI, TensorFlow, Machine Learning, NLP, AWS",None,2,53,72,AI,"Power BI, TensorFlow, Machine Learning, NLP, AWS. 1 projects completed. Certified in AWS. Domain: Data Science."
C307,Candidate_307,B.Tech,0,"Power BI, AWS, Machine Learning",AWS,10,80,87,Analytics,"Power BI, AWS, Machine Learning. 1 projects completed. Certified in Google. Domain: Cloud."
C308,Candidate_308,MCA,8,"Azure, Tableau, AWS, TensorFlow, NLP, Deep Learning",Azure,7,53,76,AI,"Azure, Tableau, AWS, TensorFlow, NLP, Deep Learning. 9 projects completed. Certified in Azure. Domain: Cloud."
C309,Candidate_309,M.Tech,7,"Python, SQL, NLP, Azure, Tableau",Azure,4,91,80,Cloud,"Python, SQL, NLP, Azure, Tableau. 6 projects completed. Certified in Google. Domain: Data Science."
C310,Candidate_310,M.Tech,10,"Power BI, Python, AWS, Machine Learning",Azure,8,52,78,Cloud,"Power BI, Python, AWS, Machine Learning. 8 projects completed. Certified in Azure. Domain: Analytics."
C311,Candidate_311,M.Tech,2,"NLP, Deep Learning, Power BI",AWS,4,60,82,Analytics,"NLP, Deep Learning, Power BI. 9 projects completed. Certified in AWS. Domain: Analytics."
C312,Candidate_312,B.Tech,3,"NLP, PyTorch, Tableau, Deep Learning, TensorFlow",None,8,97,77,Cloud,"NLP, PyTorch, Tableau, Deep Learning, TensorFlow. 1 projects completed. Certified in AWS. Domain: Data Science."
C313,Candidate_313,M.Tech,5,"Power BI, NLP, Tableau, TensorFlow, Python",Azure,4,58,99,Data Science,"Power BI, NLP, Tableau, TensorFlow, Python. 6 projects completed. Certified in AWS. Domain: Analytics."
C314,Candidate_314,M.Tech,0,"NLP, AWS, SQL",AWS,7,77,96,Data Science,"NLP, AWS, SQL. 2 projects completed. Certified in Azure. Domain: Cloud."
C315,Candidate_315,MCA,9,"Tableau, Azure, Power BI",Google,9,53,84,Cloud,"Tableau, Azure, Power BI. 9 projects completed. Certified in Azure. Domain: Analytics."
C316,Candidate_316,MCA,0,"TensorFlow, NLP, Azure, PyTorch, Power BI, SQL",Google,6,70,69,AI,"TensorFlow, NLP, Azure, PyTorch, Power BI, SQL. 2 projects completed. Certified in AWS. Domain: AI."
C317,Candidate_317,B.Tech,2,"Tableau, Azure, AWS, TensorFlow, PyTorch",AWS,5,97,57,Data Science,"Tableau, Azure, AWS, TensorFlow, PyTorch. 2 projects completed. Certified in Google. Domain: AI."
C318,Candidate_318,MCA,4,"Azure, Machine Learning, Tableau, NLP, SQL, Python",Azure,6,63,68,Data Science,"Azure, Machine Learning, Tableau, NLP, SQL, Python. 2 projects completed. Certified in Google. Domain: Data Science."
C319,Candidate_319,M.Tech,1,"AWS, Python, SQL",None,1,97,78,Analytics,"AWS, Python, SQL. 4 projects completed. Certified in Azure. Domain: Cloud."
C320,Candidate_320,MCA,2,"SQL, Machine Learning, PyTorch, AWS, Azure, TensorFlow",Azure,2,85,50,Analytics,"SQL, Machine Learning, PyTorch, AWS, Azure, TensorFlow. 3 projects completed. Certified in Azure. Domain: AI."
C321,Candidate_321,B.Tech,9,"NLP, Machine Learning, TensorFlow",None,7,61,92,Data Science,"NLP, Machine Learning, TensorFlow. 2 projects completed. Certified in Google. Domain: Analytics."
C322,Candidate_322,M.Tech,4,"PyTorch, SQL, Azure, Power BI, Tableau",AWS,3,82,97,Cloud,"PyTorch, SQL, Azure, Power BI, Tableau. 5 projects completed. Certified in AWS. Domain: Analytics."
C323,Candidate_323,M.Tech,5,"PyTorch, NLP, Azure",None,6,98,55,Data Science,"PyTorch, NLP, Azure. 10 projects completed. Certified in Azure. Domain: Cloud."
C324,Candidate_324,M.Tech,6,"Machine Learning, Tableau, PyTorch, Azure, AWS, TensorFlow",Google,3,85,79,AI,"Machine Learning, Tableau, PyTorch, Azure, AWS, TensorFlow. 7 projects completed. Certified in AWS. Domain: Analytics."
C325,Candidate_325,MCA,10,"Machine Learning, Tableau, Power BI, Python",Google,10,85,79,Data Science,"Machine Learning, Tableau, Power BI, Python. 2 projects completed. Certified in Google. Domain: AI."
C326,Candidate_326,MCA,4,"Deep Learning, AWS, Python, PyTorch",Azure,10,67,82,Data Science,"Deep Learning, AWS, Python, PyTorch. 9 projects completed. Certified in Google. Domain: AI."
C327,Candidate_327,M.Tech,3,"PyTorch, Tableau, AWS, NLP, Azure, SQL",None,7,56,77,Data Science,"PyTorch, Tableau, AWS, NLP, Azure, SQL. 1 projects completed. Certified in AWS. Domain: AI."
C328,Candidate_328,M.Tech,1,"Tableau, Machine Learning, Python",Google,7,77,50,Cloud,"Tableau, Machine Learning, Python. 7 projects completed. Certified in AWS. Domain: AI."
C329,Candidate_329,M.Tech,5,"Power BI, Tableau, SQL, NLP",AWS,5,56,92,AI,"Power BI, Tableau, SQL, NLP. 1 projects completed. Certified in Google. Domain: Cloud."
C330,Candidate_330,MCA,10,"Tableau, Machine Learning, Azure",None,3,99,82,Analytics,"Tableau, Machine Learning, Azure. 4 projects completed. Certified in Google. Domain: Data Science."
C331,Candidate_331,M.Tech,4,"PyTorch, Azure, Machine Learning, SQL, Tableau, NLP",AWS,6,54,100,Data Science,"PyTorch, Azure, Machine Learning, SQL, Tableau, NLP. 5 projects completed. Certified in Google. Domain: Cloud."
C332,Candidate_332,M.Tech,7,"TensorFlow, Tableau, AWS",Google,10,80,80,AI,"TensorFlow, Tableau, AWS. 7 projects completed. Certified in AWS. Domain: Analytics."
C333,Candidate_333,MCA,10,"Tableau, Deep Learning, Azure",AWS,4,96,73,Data Science,"Tableau, Deep Learning, Azure. 1 projects completed. Certified in AWS. Domain: Data Science."
C334,Candidate_334,B.Sc Data Science,4,"PyTorch, TensorFlow, Azure, Machine Learning",None,3,86,72,AI,"PyTorch, TensorFlow, Azure, Machine Learning. 2 projects completed. Certified in Azure. Domain: Analytics."
C335,Candidate_335,B.Sc Data Science,8,"AWS, SQL, Tableau, Machine Learning, Azure",None,10,76,100,AI,"AWS, SQL, Tableau, Machine Learning, Azure. 4 projects completed. Certified in AWS. Domain: Cloud."
C336,Candidate_336,MCA,1,"NLP, Python, TensorFlow, Power BI",AWS,1,74,98,AI,"NLP, Python, TensorFlow, Power BI. 5 projects completed. Certified in AWS. Domain: Cloud."
C337,Candidate_337,MCA,2,"SQL, Python, Machine Learning, Tableau, AWS, Azure",None,4,51,50,Cloud,"SQL, Python, Machine Learning, Tableau, AWS, Azure. 10 projects completed. Certified in AWS. Domain: Data Science."
C338,Candidate_338,B.Tech,1,"Tableau, TensorFlow, Deep Learning, NLP, Power BI, PyTorch",Google,7,98,97,Cloud,"Tableau, TensorFlow, Deep Learning, NLP, Power BI, PyTorch. 2 projects completed. Certified in AWS. Domain: Analytics."
C339,Candidate_339,B.Sc Data Science,0,"AWS, Python, Machine Learning",AWS,7,90,59,Cloud,"AWS, Python, Machine Learning. 9 projects completed. Certified in Google. Domain: Analytics."
C340,Candidate_340,MCA,8,"NLP, TensorFlow, Tableau",Google,6,51,51,Analytics,"NLP, TensorFlow, Tableau. 6 projects completed. Certified in AWS. Domain: Data Science."
C341,Candidate_341,M.Tech,7,"Python, AWS, PyTorch, Azure",None,5,88,93,AI,"Python, AWS, PyTorch, Azure. 5 projects completed. Certified in AWS. Domain: AI."
C342,Candidate_342,B.Sc Data Science,7,"Azure, Tableau, Deep Learning, Python, Power BI, Machine Learning",Azure,2,74,82,Cloud,"Azure, Tableau, Deep Learning, Python, Power BI, Machine Learning. 2 projects completed. Certified in AWS. Domain: Analytics."
C343,Candidate_343,B.Sc Data Science,0,"Machine Learning, AWS, Deep Learning, NLP, Azure",None,1,55,100,Analytics,"Machine Learning, AWS, Deep Learning, NLP, Azure. 7 projects completed. Certified in AWS. Domain: AI."
C344,Candidate_344,M.Tech,4,"PyTorch, Azure, Power BI, Tableau, SQL, AWS",None,6,66,97,Analytics,"PyTorch, Azure, Power BI, Tableau, SQL, AWS. 7 projects completed. Certified in AWS. Domain: AI."
C345,Candidate_345,B.Sc Data Science,1,"NLP, Machine Learning, Azure, TensorFlow, Power BI",AWS,4,65,58,Analytics,"NLP, Machine Learning, Azure, TensorFlow, Power BI. 10 projects completed. Certified in Azure. Domain: AI."
C346,Candidate_346,MCA,10,"PyTorch, NLP, Machine Learning, AWS, SQL, Python",AWS,8,86,74,Data Science,"PyTorch, NLP, Machine Learning, AWS, SQL, Python. 8 projects completed. Certified in AWS. Domain: Cloud."
C347,Candidate_347,MCA,7,"Python, Azure, TensorFlow, Deep Learning, PyTorch",None,1,53,66,Data Science,"Python, Azure, TensorFlow, Deep Learning, PyTorch. 8 projects completed. Certified in Google. Domain: Analytics."
C348,Candidate_348,B.Sc Data Science,5,"Tableau, Azure, Machine Learning, PyTorch, TensorFlow, Python",Azure,2,73,87,Analytics,"Tableau, Azure, Machine Learning, PyTorch, TensorFlow, Python. 2 projects completed. Certified in Azure. Domain: AI."
C349,Candidate_349,B.Sc Data Science,9,"Machine Learning, AWS, Tableau, TensorFlow, Deep Learning, SQL",Azure,5,99,97,Data Science,"Machine Learning, AWS, Tableau, TensorFlow, Deep Learning, SQL. 2 projects completed. Certified in Azure. Domain: AI."
C350,Candidate_350,B.Sc Data Science,6,"TensorFlow, PyTorch, Machine Learning, Power BI",None,3,97,54,AI,"TensorFlow, PyTorch, Machine Learning, Power BI. 3 projects completed. Certified in AWS. Domain: Analytics."
C351,Candidate_351,MCA,3,"Power BI, Tableau, NLP",Azure,4,72,63,Analytics,"Power BI, Tableau, NLP. 9 projects completed. Certified in AWS. Domain: Cloud."
C352,Candidate_352,B.Tech,10,"PyTorch, TensorFlow, Machine Learning, Power BI, NLP",AWS,7,60,68,Cloud,"PyTorch, TensorFlow, Machine Learning, Power BI, NLP. 8 projects completed. Certified in AWS. Domain: AI."
C353,Candidate_353,B.Sc Data Science,3,"Deep Learning, TensorFlow, AWS",Azure,1,94,96,Data Science,"Deep Learning, TensorFlow, AWS. 6 projects completed. Certified in Azure. Domain: AI."
C354,Candidate_354,M.Tech,1,"Machine Learning, Tableau, Azure, Power BI",AWS,7,53,66,Cloud,"Machine Learning, Tableau, Azure, Power BI. 9 projects completed. Certified in Google. Domain: Data Science."
C355,Candidate_355,B.Sc Data Science,2,"PyTorch, Python, NLP",Azure,8,95,65,Analytics,"PyTorch, Python, NLP. 6 projects completed. Certified in Azure. Domain: Data Science."
C356,Candidate_356,MCA,5,"Power BI, Tableau, Python, AWS, SQL, Deep Learning",AWS,9,94,69,AI,"Power BI, Tableau, Python, AWS, SQL, Deep Learning. 6 projects completed. Certified in Azure. Domain: AI."
C357,Candidate_357,M.Tech,8,"Machine Learning, SQL, Python",Google,8,80,78,Cloud,"Machine Learning, SQL, Python. 5 projects completed. Certified in AWS. Domain: Analytics."
C358,Candidate_358,MCA,10,"Azure, NLP, Machine Learning, PyTorch, AWS",AWS,7,53,53,AI,"Azure, NLP, Machine Learning, PyTorch, AWS. 8 projects completed. Certified in AWS. Domain: Cloud."
C359,Candidate_359,M.Tech,0,"PyTorch, Deep Learning, Machine Learning, Tableau, SQL",AWS,5,59,83,Analytics,"PyTorch, Deep Learning, Machine Learning, Tableau, SQL. 2 projects completed. Certified in Azure. Domain: Cloud."
C360,Candidate_360,MCA,0,"Machine Learning, AWS, Azure",None,8,95,77,Data Science,"Machine Learning, AWS, Azure. 10 projects completed. Certified in Azure. Domain: Cloud."
C361,Candidate_361,M.Tech,5,"Tableau, AWS, Power BI, TensorFlow, Azure",Google,1,58,83,Cloud,"Tableau, AWS, Power BI, TensorFlow, Azure. 7 projects completed. Certified in Google. Domain: Analytics."
C362,Candidate_362,M.Tech,0,"SQL, Tableau, NLP, Deep Learning",None,8,69,87,Analytics,"SQL, Tableau, NLP, Deep Learning. 10 projects completed. Certified in AWS. Domain: Data Science."
C363,Candidate_363,M.Tech,9,"NLP, Power BI, Machine Learning, AWS, SQL, PyTorch",Google,2,100,91,Analytics,"NLP, Power BI, Machine Learning, AWS, SQL, PyTorch. 10 projects completed. Certified in AWS. Domain: AI."
C364,Candidate_364,B.Tech,0,"Machine Learning, Azure, TensorFlow, AWS, NLP, Power BI",Google,1,97,79,Data Science,"Machine Learning, Azure, TensorFlow, AWS, NLP, Power BI. 8 projects completed. Certified in Azure. Domain: Data Science."
C365,Candidate_365,B.Sc Data Science,0,"NLP, SQL, Power BI, Machine Learning, AWS, Deep Learning",None,2,70,72,Analytics,"NLP, SQL, Power BI, Machine Learning, AWS, Deep Learning. 4 projects completed. Certified in AWS. Domain: Cloud."
C366,Candidate_366,B.Tech,9,"Power BI, Machine Learning, Tableau, Deep Learning, TensorFlow, NLP",AWS,6,91,89,Data Science,"Power BI, Machine Learning, Tableau, Deep Learning, TensorFlow, NLP. 9 projects completed. Certified in AWS. Domain: AI."
C367,Candidate_367,B.Tech,2,"SQL, Machine Learning, AWS, PyTorch, Azure, Deep Learning",Azure,10,91,53,Data Science,"SQL, Machine Learning, AWS, PyTorch, Azure, Deep Learning. 3 projects completed. Certified in Azure. Domain: Analytics."
C368,Candidate_368,B.Sc Data Science,3,"AWS, Azure, NLP, TensorFlow, Power BI, Tableau",None,9,75,63,Analytics,"AWS, Azure, NLP, TensorFlow, Power BI, Tableau. 2 projects completed. Certified in Google. Domain: Cloud."
C369,Candidate_369,M.Tech,6,"PyTorch, Machine Learning, Python, Azure, SQL, Tableau",Google,8,79,75,Cloud,"PyTorch, Machine Learning, Python, Azure, SQL, Tableau. 1 projects completed. Certified in Google. Domain: Data Science."
C370,Candidate_370,B.Tech,0,"Deep Learning, SQL, Python",Azure,6,84,75,Data Science,"Deep Learning, SQL, Python. 1 projects completed. Certified in Google. Domain: AI."
C371,Candidate_371,MCA,7,"PyTorch, Python, AWS",Google,6,69,54,Cloud,"PyTorch, Python, AWS. 2 projects completed. Certified in Google. Domain: Cloud."
C372,Candidate_372,B.Tech,9,"NLP, TensorFlow, AWS, Machine Learning, Azure, Python",Azure,3,79,54,AI,"NLP, TensorFlow, AWS, Machine Learning, Azure, Python. 6 projects completed. Certified in AWS. Domain: Cloud."
C373,Candidate_373,MCA,1,"Tableau, SQL, Python, Power BI",None,4,77,99,Cloud,"Tableau, SQL, Python, Power BI. 7 projects completed. Certified in Azure. Domain: Cloud."
C374,Candidate_374,B.Tech,1,"TensorFlow, SQL, Machine Learning, AWS",Google,10,87,97,Analytics,"TensorFlow, SQL, Machine Learning, AWS. 9 projects completed. Certified in AWS. Domain: Data Science."
C375,Candidate_375,M.Tech,8,"AWS, Tableau, PyTorch, TensorFlow, NLP",AWS,8,90,52,AI,"AWS, Tableau, PyTorch, TensorFlow, NLP. 6 projects completed. Certified in AWS. Domain: AI."
C376,Candidate_376,B.Tech,2,"Power BI, PyTorch, Machine Learning, Azure, Deep Learning, TensorFlow",None,1,78,82,Data Science,"Power BI, PyTorch, Machine Learning, Azure, Deep Learning, TensorFlow. 10 projects completed. Certified in AWS. Domain: Cloud."
C377,Candidate_377,B.Sc Data Science,1,"Python, Tableau, PyTorch, Azure, Machine Learning",None,10,97,91,Analytics,"Python, Tableau, PyTorch, Azure, Machine Learning. 3 projects completed. Certified in Google. Domain: AI."
C378,Candidate_378,M.Tech,4,"Python, Azure, AWS, PyTorch, TensorFlow",None,7,95,74,Analytics,"Python, Azure, AWS, PyTorch, TensorFlow. 4 projects completed. Certified in Google. Domain: AI."
C379,Candidate_379,B.Tech,3,"AWS, Tableau, SQL",Azure,4,86,63,Analytics,"AWS, Tableau, SQL. 10 projects completed. Certified in AWS. Domain: Data Science."
C380,Candidate_380,B.Tech,1,"Power BI, Machine Learning, Azure",Azure,3,93,79,Analytics,"Power BI, Machine Learning, Azure. 2 projects completed. Certified in AWS. Domain: AI."
C381,Candidate_381,M.Tech,5,"Tableau, Python, TensorFlow",Azure,2,63,91,AI,"Tableau, Python, TensorFlow. 9 projects completed. Certified in Azure. Domain: Cloud."
C382,Candidate_382,B.Sc Data Science,0,"TensorFlow, Power BI, SQL, Machine Learning, PyTorch",AWS,9,64,94,Data Science,"TensorFlow, Power BI, SQL, Machine Learning, PyTorch. 2 projects completed. Certified in Google. Domain: Cloud."
C383,Candidate_383,MCA,10,"Azure, TensorFlow, Python, Tableau, SQL, Deep Learning",None,7,66,81,Analytics,"Azure, TensorFlow, Python, Tableau, SQL, Deep Learning. 1 projects completed. Certified in Google. Domain: Data Science."
C384,Candidate_384,MCA,0,"Machine Learning, SQL, NLP, Power BI, Deep Learning, AWS",Azure,10,63,85,Analytics,"Machine Learning, SQL, NLP, Power BI, Deep Learning, AWS. 3 projects completed. Certified in AWS. Domain: Cloud."
C385,Candidate_385,B.Sc Data Science,7,"Tableau, Power BI, AWS, Machine Learning",None,6,62,88,Analytics,"Tableau, Power BI, AWS, Machine Learning. 7 projects completed. Certified in AWS. Domain: Cloud."
C386,Candidate_386,MCA,9,"NLP, Tableau, Machine Learning, PyTorch, Python, Azure",None,3,84,90,Analytics,"NLP, Tableau, Machine Learning, PyTorch, Python, Azure. 1 projects completed. Certified in Google. Domain: Analytics."
C387,Candidate_387,M.Tech,2,"Machine Learning, Power BI, NLP",None,1,84,88,Cloud,"Machine Learning, Power BI, NLP. 2 projects completed. Certified in AWS. Domain: Cloud."
C388,Candidate_388,MCA,5,"SQL, Tableau, Power BI",Azure,2,95,64,Cloud,"SQL, Tableau, Power BI. 6 projects completed. Certified in Azure. Domain: Data Science."
C389,Candidate_389,M.Tech,8,"Python, Power BI, SQL, Machine Learning",Google,1,83,95,Cloud,"Python, Power BI, SQL, Machine Learning. 6 projects completed. Certified in Azure. Domain: Data Science."
C390,Candidate_390,B.Sc Data Science,6,"AWS, NLP, TensorFlow, Tableau, Power BI, SQL",AWS,6,83,61,Cloud,"AWS, NLP, TensorFlow, Tableau, Power BI, SQL. 7 projects completed. Certified in AWS. Domain: Data Science."
C391,Candidate_391,B.Tech,6,"Deep Learning, NLP, AWS, Machine Learning, PyTorch",Google,4,94,54,Data Science,"Deep Learning, NLP, AWS, Machine Learning, PyTorch. 2 projects completed. Certified in Azure. Domain: AI."
C392,Candidate_392,B.Tech,0,"Power BI, Deep Learning, NLP, Python, Azure",Azure,1,85,62,AI,"Power BI, Deep Learning, NLP, Python, Azure. 8 projects completed. Certified in Azure. Domain: Analytics."
C393,Candidate_393,MCA,7,"Deep Learning, Azure, Power BI, PyTorch",Google,8,54,54,Cloud,"Deep Learning, Azure, Power BI, PyTorch. 9 projects completed. Certified in AWS. Domain: AI."
C394,Candidate_394,M.Tech,4,"Tableau, Deep Learning, SQL, TensorFlow",Google,1,70,75,Analytics,"Tableau, Deep Learning, SQL, TensorFlow. 4 projects completed. Certified in Azure. Domain: AI."
C395,Candidate_395,MCA,8,"Machine Learning, NLP, TensorFlow, SQL, Tableau",AWS,3,53,63,Data Science,"Machine Learning, NLP, TensorFlow, SQL, Tableau. 8 projects completed. Certified in AWS. Domain: Data Science."
C396,Candidate_396,M.Tech,4,"Tableau, Power BI, Deep Learning",Google,4,77,91,Data Science,"Tableau, Power BI, Deep Learning. 10 projects completed. Certified in Google. Domain: AI."
C397,Candidate_397,B.Sc Data Science,3,"PyTorch, TensorFlow, AWS",Google,4,52,77,Cloud,"PyTorch, TensorFlow, AWS. 10 projects completed. Certified in Azure. Domain: AI."
C398,Candidate_398,MCA,7,"Python, Deep Learning, TensorFlow",Azure,8,51,76,Data Science,"Python, Deep Learning, TensorFlow. 10 projects completed. Certified in AWS. Domain: Analytics."
C399,Candidate_399,M.Tech,5,"NLP, PyTorch, Tableau, SQL, Power BI, TensorFlow",None,5,54,69,AI,"NLP, PyTorch, Tableau, SQL, Power BI, TensorFlow. 9 projects completed. Certified in Google. Domain: Data Science."
C400,Candidate_400,B.Sc Data Science,8,"Machine Learning, Deep Learning, TensorFlow",Azure,10,76,66,Cloud,"Machine Learning, Deep Learning, TensorFlow. 7 projects completed. Certified in Azure. Domain: Data Science."
C401,Candidate_401,MCA,5,"Azure, Power BI, NLP, Deep Learning, SQL, Python",Google,9,77,68,Cloud,"Azure, Power BI, NLP, Deep Learning, SQL, Python. 10 projects completed. Certified in AWS. Domain: Analytics."
C402,Candidate_402,B.Tech,2,"AWS, Power BI, Deep Learning, TensorFlow, Tableau, Python",None,9,53,94,Analytics,"AWS, Power BI, Deep Learning, TensorFlow, Tableau, Python. 5 projects completed. Certified in Azure. Domain: Cloud."
C403,Candidate_403,B.Tech,4,"SQL, PyTorch, Machine Learning, NLP",None,5,98,78,Cloud,"SQL, PyTorch, Machine Learning, NLP. 5 projects completed. Certified in AWS. Domain: Analytics."
C404,Candidate_404,MCA,10,"Deep Learning, TensorFlow, Power BI, SQL, PyTorch, Azure",None,3,83,58,Cloud,"Deep Learning, TensorFlow, Power BI, SQL, PyTorch, Azure. 5 projects completed. Certified in AWS. Domain: AI."
C405,Candidate_405,MCA,2,"AWS, Deep Learning, PyTorch",Azure,9,85,58,Data Science,"AWS, Deep Learning, PyTorch. 7 projects completed. Certified in Google. Domain: Data Science."
C406,Candidate_406,MCA,5,"NLP, Power BI, Machine Learning",AWS,6,93,52,AI,"NLP, Power BI, Machine Learning. 3 projects completed. Certified in AWS. Domain: AI."
C407,Candidate_407,B.Tech,1,"Power BI, SQL, PyTorch, Azure",None,3,50,86,Cloud,"Power BI, SQL, PyTorch, Azure. 9 projects completed. Certified in AWS. Domain: Data Science."
C408,Candidate_408,B.Tech,1,"PyTorch, Python, AWS",None,8,89,80,AI,"PyTorch, Python, AWS. 1 projects completed. Certified in AWS. Domain: Analytics."
C409,Candidate_409,M.Tech,3,"AWS, Python, Machine Learning, Azure, NLP, Tableau",AWS,10,92,63,Cloud,"AWS, Python, Machine Learning, Azure, NLP, Tableau. 10 projects completed. Certified in AWS. Domain: Cloud."
C410,Candidate_410,B.Tech,7,"Machine Learning, Tableau, SQL, Python, NLP, Azure",None,10,75,66,Data Science,"Machine Learning, Tableau, SQL, Python, NLP, Azure. 4 projects completed. Certified in Google. Domain: Data Science."
C411,Candidate_411,MCA,6,"Power BI, NLP, PyTorch, Azure, Deep Learning",Google,5,86,54,AI,"Power BI, NLP, PyTorch, Azure, Deep Learning. 7 projects completed. Certified in Google. Domain: Cloud."
C412,Candidate_412,B.Sc Data Science,1,"Python, Power BI, TensorFlow",Azure,1,51,74,Cloud,"Python, Power BI, TensorFlow. 10 projects completed. Certified in Azure. Domain: AI."
C413,Candidate_413,M.Tech,9,"TensorFlow, NLP, SQL, Power BI, Deep Learning, Tableau",Google,7,64,50,Analytics,"TensorFlow, NLP, SQL, Power BI, Deep Learning, Tableau. 10 projects completed. Certified in Google. Domain: Data Science."
C414,Candidate_414,B.Sc Data Science,9,"Power BI, Deep Learning, Tableau, Machine Learning, NLP",Google,8,64,77,Analytics,"Power BI, Deep Learning, Tableau, Machine Learning, NLP. 1 projects completed. Certified in Google. Domain: Data Science."
C415,Candidate_415,B.Tech,4,"Deep Learning, NLP, SQL, Tableau, Machine Learning",Google,2,65,64,Data Science,"Deep Learning, NLP, SQL, Tableau, Machine Learning. 2 projects completed. Certified in Google. Domain: Data Science."
C416,Candidate_416,B.Tech,4,"AWS, NLP, PyTorch, Machine Learning",Google,3,80,84,Data Science,"AWS, NLP, PyTorch, Machine Learning. 10 projects completed. Certified in AWS. Domain: Cloud."
C417,Candidate_417,B.Tech,7,"AWS, SQL, NLP, Machine Learning, Tableau",Google,3,100,80,Cloud,"AWS, SQL, NLP, Machine Learning, Tableau. 5 projects completed. Certified in Google. Domain: Analytics."
C418,Candidate_418,M.Tech,6,"PyTorch, SQL, Python, AWS, Machine Learning",None,5,72,60,Data Science,"PyTorch, SQL, Python, AWS, Machine Learning. 8 projects completed. Certified in AWS. Domain: AI."
C419,Candidate_419,B.Sc Data Science,7,"NLP, Python, Azure, Machine Learning",Google,8,88,62,AI,"NLP, Python, Azure, Machine Learning. 3 projects completed. Certified in Azure. Domain: Data Science."
C420,Candidate_420,M.Tech,6,"TensorFlow, AWS, Azure",AWS,4,74,87,Cloud,"TensorFlow, AWS, Azure. 7 projects completed. Certified in AWS. Domain: AI."
C421,Candidate_421,M.Tech,9,"Deep Learning, SQL, AWS, TensorFlow, PyTorch, NLP",None,4,57,55,Data Science,"Deep Learning, SQL, AWS, TensorFlow, PyTorch, NLP. 3 projects completed. Certified in Azure. Domain: Analytics."
C422,Candidate_422,M.Tech,6,"Deep Learning, PyTorch, Python, Azure",Google,6,76,63,Data Science,"Deep Learning, PyTorch, Python, Azure. 4 projects completed. Certified in Azure. Domain: Data Science."
C423,Candidate_423,B.Sc Data Science,2,"AWS, TensorFlow, SQL",AWS,7,65,84,Cloud,"AWS, TensorFlow, SQL. 4 projects completed. Certified in AWS. Domain: Data Science."
C424,Candidate_424,B.Tech,4,"Power BI, Python, Machine Learning, SQL, Azure, NLP",None,5,76,63,AI,"Power BI, Python, Machine Learning, SQL, Azure, NLP. 1 projects completed. Certified in AWS. Domain: Data Science."
C425,Candidate_425,M.Tech,2,"AWS, NLP, Machine Learning, PyTorch",Azure,9,63,55,Analytics,"AWS, NLP, Machine Learning, PyTorch. 7 projects completed. Certified in Google. Domain: Analytics."
C426,Candidate_426,B.Tech,5,"PyTorch, AWS, Python, Machine Learning, Power BI",Azure,2,77,90,Data Science,"PyTorch, AWS, Python, Machine Learning, Power BI. 4 projects completed. Certified in Google. Domain: Cloud."
C427,Candidate_427,B.Sc Data Science,5,"Power BI, Tableau, SQL, Azure",Azure,2,62,56,Analytics,"Power BI, Tableau, SQL, Azure. 9 projects completed. Certified in Azure. Domain: AI."
C428,Candidate_428,MCA,6,"TensorFlow, Python, Azure, NLP, AWS, PyTorch",AWS,3,58,56,Analytics,"TensorFlow, Python, Azure, NLP, AWS, PyTorch. 3 projects completed. Certified in Google. Domain: Cloud."
C429,Candidate_429,M.Tech,7,"Tableau, PyTorch, TensorFlow, AWS",AWS,2,98,84,Analytics,"Tableau, PyTorch, TensorFlow, AWS. 2 projects completed. Certified in Azure. Domain: Data Science."
C430,Candidate_430,MCA,4,"AWS, Python, Tableau, Deep Learning, Azure",AWS,6,82,99,Analytics,"AWS, Python, Tableau, Deep Learning, Azure. 5 projects completed. Certified in Google. Domain: Cloud."
C431,Candidate_431,B.Sc Data Science,0,"Power BI, TensorFlow, Machine Learning",None,9,83,77,Cloud,"Power BI, TensorFlow, Machine Learning. 9 projects completed. Certified in AWS. Domain: Analytics."
C432,Candidate_432,MCA,9,"TensorFlow, Tableau, Python, Power BI, Deep Learning",AWS,3,94,83,Data Science,"TensorFlow, Tableau, Python, Power BI, Deep Learning. 8 projects completed. Certified in AWS. Domain: AI."
C433,Candidate_433,MCA,6,"Tableau, SQL, TensorFlow",None,8,73,98,Analytics,"Tableau, SQL, TensorFlow. 8 projects completed. Certified in Azure. Domain: Data Science."
C434,Candidate_434,B.Tech,4,"AWS, TensorFlow, Tableau, NLP",Azure,10,76,98,AI,"AWS, TensorFlow, Tableau, NLP. 8 projects completed. Certified in Azure. Domain: Analytics."
C435,Candidate_435,B.Sc Data Science,1,"Deep Learning, NLP, Power BI, Azure, SQL, TensorFlow",AWS,4,75,68,AI,"Deep Learning, NLP, Power BI, Azure, SQL, TensorFlow. 7 projects completed. Certified in Azure. Domain: Cloud."
C436,Candidate_436,B.Tech,5,"Tableau, Deep Learning, AWS, SQL, Power BI, Python",AWS,3,50,62,Data Science,"Tableau, Deep Learning, AWS, SQL, Power BI, Python. 10 projects completed. Certified in AWS. Domain: Analytics."
C437,Candidate_437,B.Sc Data Science,8,"SQL, Deep Learning, Power BI",AWS,8,54,86,Cloud,"SQL, Deep Learning, Power BI. 1 projects completed. Certified in Google. Domain: Cloud."
C438,Candidate_438,M.Tech,6,"Power BI, SQL, PyTorch, Python, Tableau",Google,7,94,93,Analytics,"Power BI, SQL, PyTorch, Python, Tableau. 8 projects completed. Certified in Google. Domain: AI."
C439,Candidate_439,MCA,8,"Azure, TensorFlow, Machine Learning, SQL, AWS",None,2,61,75,Cloud,"Azure, TensorFlow, Machine Learning, SQL, AWS. 10 projects completed. Certified in Azure. Domain: Cloud."
C440,Candidate_440,B.Sc Data Science,8,"Azure, Deep Learning, TensorFlow, SQL, PyTorch",Google,6,50,55,AI,"Azure, Deep Learning, TensorFlow, SQL, PyTorch. 1 projects completed. Certified in Azure. Domain: Analytics."
C441,Candidate_441,MCA,0,"SQL, TensorFlow, Python, Tableau",None,7,64,88,Analytics,"SQL, TensorFlow, Python, Tableau. 10 projects completed. Certified in AWS. Domain: Cloud."
C442,Candidate_442,B.Sc Data Science,10,"Azure, NLP, Deep Learning, Machine Learning, Python",None,2,81,73,Cloud,"Azure, NLP, Deep Learning, Machine Learning, Python. 8 projects completed. Certified in AWS. Domain: Data Science."
C443,Candidate_443,B.Tech,6,"AWS, Deep Learning, Azure, NLP, PyTorch",AWS,5,65,51,Data Science,"AWS, Deep Learning, Azure, NLP, PyTorch. 4 projects completed. Certified in AWS. Domain: Analytics."
C444,Candidate_444,B.Sc Data Science,2,"Power BI, Azure, Python, Deep Learning, Machine Learning, TensorFlow",Azure,3,97,94,Data Science,"Power BI, Azure, Python, Deep Learning, Machine Learning, TensorFlow. 6 projects completed. Certified in Google. Domain: Cloud."
C445,Candidate_445,B.Sc Data Science,2,"Python, Machine Learning, NLP, Tableau, Azure",AWS,8,56,71,Data Science,"Python, Machine Learning, NLP, Tableau, Azure. 8 projects completed. Certified in Google. Domain: AI."
C446,Candidate_446,M.Tech,0,"SQL, AWS, Tableau, Azure, Deep Learning",AWS,10,56,65,Analytics,"SQL, AWS, Tableau, Azure, Deep Learning. 8 projects completed. Certified in Google. Domain: Data Science."
C447,Candidate_447,MCA,8,"TensorFlow, AWS, Power BI",AWS,3,65,85,Data Science,"TensorFlow, AWS, Power BI. 3 projects completed. Certified in Azure. Domain: Analytics."
C448,Candidate_448,M.Tech,1,"Tableau, Deep Learning, TensorFlow",Azure,3,69,80,AI,"Tableau, Deep Learning, TensorFlow. 6 projects completed. Certified in Azure. Domain: Analytics."
C449,Candidate_449,M.Tech,4,"TensorFlow, NLP, Machine Learning, Power BI",None,2,65,95,Data Science,"TensorFlow, NLP, Machine Learning, Power BI. 6 projects completed. Certified in Azure. Domain: Data Science."
C450,Candidate_450,M.Tech,7,"TensorFlow, Tableau, PyTorch, SQL, Python, Machine Learning",Google,5,54,81,Cloud,"TensorFlow, Tableau, PyTorch, SQL, Python, Machine Learning. 7 projects completed. Certified in Google. Domain: Data Science."
C451,Candidate_451,B.Tech,10,"Azure, Tableau, PyTorch, NLP",None,8,82,88,AI,"Azure, Tableau, PyTorch, NLP. 7 projects completed. Certified in Azure. Domain: Analytics."
C452,Candidate_452,B.Sc Data Science,4,"PyTorch, TensorFlow, Deep Learning",Google,6,52,66,AI,"PyTorch, TensorFlow, Deep Learning. 10 projects completed. Certified in Azure. Domain: Data Science."
C453,Candidate_453,B.Sc Data Science,4,"AWS, Deep Learning, Machine Learning, Power BI",Azure,5,57,64,Data Science,"AWS, Deep Learning, Machine Learning, Power BI. 7 projects completed. Certified in Azure. Domain: AI."
C454,Candidate_454,B.Sc Data Science,6,"AWS, Deep Learning, Python, SQL",None,2,67,88,AI,"AWS, Deep Learning, Python, SQL. 8 projects completed. Certified in Azure. Domain: Analytics."
C455,Candidate_455,MCA,0,"SQL, TensorFlow, Azure",None,3,60,85,Cloud,"SQL, TensorFlow, Azure. 2 projects completed. Certified in Azure. Domain: Analytics."
C456,Candidate_456,B.Sc Data Science,0,"TensorFlow, NLP, Tableau, Python, Deep Learning",Azure,10,76,64,Analytics,"TensorFlow, NLP, Tableau, Python, Deep Learning. 9 projects completed. Certified in Azure. Domain: AI."
C457,Candidate_457,M.Tech,1,"Python, Machine Learning, NLP, Azure, Tableau, SQL",Google,10,96,71,Data Science,"Python, Machine Learning, NLP, Azure, Tableau, SQL. 4 projects completed. Certified in Google. Domain: Cloud."
C458,Candidate_458,M.Tech,1,"Deep Learning, Python, TensorFlow, Power BI, NLP, SQL",None,1,54,85,Cloud,"Deep Learning, Python, TensorFlow, Power BI, NLP, SQL. 10 projects completed. Certified in AWS. Domain: Analytics."
C459,Candidate_459,MCA,9,"AWS, Deep Learning, Azure, NLP, Power BI",None,10,97,80,Cloud,"AWS, Deep Learning, Azure, NLP, Power BI. 6 projects completed. Certified in AWS. Domain: Analytics."
C460,Candidate_460,B.Tech,4,"PyTorch, Azure, SQL, Python, Tableau",Google,10,91,52,Data Science,"PyTorch, Azure, SQL, Python, Tableau. 8 projects completed. Certified in AWS. Domain: Cloud."
C461,Candidate_461,MCA,8,"SQL, PyTorch, NLP",None,7,91,58,Data Science,"SQL, PyTorch, NLP. 4 projects completed. Certified in Google. Domain: AI."
C462,Candidate_462,M.Tech,3,"Azure, PyTorch, AWS, SQL, Tableau",Azure,4,89,54,Data Science,"Azure, PyTorch, AWS, SQL, Tableau. 6 projects completed. Certified in Azure. Domain: AI."
C463,Candidate_463,B.Tech,4,"NLP, Tableau, Deep Learning, TensorFlow, Machine Learning",AWS,7,98,57,AI,"NLP, Tableau, Deep Learning, TensorFlow, Machine Learning. 8 projects completed. Certified in Azure. Domain: Cloud."
C464,Candidate_464,M.Tech,7,"NLP, Python, Deep Learning",None,1,65,54,Analytics,"NLP, Python, Deep Learning. 7 projects completed. Certified in AWS. Domain: Data Science."
C465,Candidate_465,MCA,10,"SQL, Power BI, NLP",Azure,1,96,97,AI,"SQL, Power BI, NLP. 7 projects completed. Certified in Azure. Domain: AI."
C466,Candidate_466,B.Sc Data Science,1,"Machine Learning, Azure, SQL, Python, Deep Learning",None,4,88,94,Data Science,"Machine Learning, Azure, SQL, Python, Deep Learning. 9 projects completed. Certified in Google. Domain: Data Science."
C467,Candidate_467,B.Tech,5,"SQL, Python, PyTorch, AWS, Power BI, Tableau",AWS,9,54,100,Analytics,"SQL, Python, PyTorch, AWS, Power BI, Tableau. 4 projects completed. Certified in AWS. Domain: Analytics."
C468,Candidate_468,B.Sc Data Science,0,"SQL, TensorFlow, PyTorch, Power BI",Google,10,88,97,Data Science,"SQL, TensorFlow, PyTorch, Power BI. 3 projects completed. Certified in AWS. Domain: AI."
C469,Candidate_469,B.Tech,9,"AWS, Azure, NLP, Power BI, SQL",AWS,4,81,100,Data Science,"AWS, Azure, NLP, Power BI, SQL. 8 projects completed. Certified in AWS. Domain: Analytics."
C470,Candidate_470,M.Tech,7,"AWS, Python, Deep Learning, NLP, SQL",None,7,78,93,Analytics,"AWS, Python, Deep Learning, NLP, SQL. 2 projects completed. Certified in Azure. Domain: Data Science."
C471,Candidate_471,B.Sc Data Science,0,"SQL, Python, TensorFlow",Google,1,58,60,Data Science,"SQL, Python, TensorFlow. 2 projects completed. Certified in Azure. Domain: Cloud."
C472,Candidate_472,B.Tech,6,"Python, Tableau, NLP, Deep Learning",Google,4,90,68,Analytics,"Python, Tableau, NLP, Deep Learning. 3 projects completed. Certified in AWS. Domain: AI."
C473,Candidate_473,MCA,1,"Python, AWS, NLP",Google,4,66,81,Analytics,"Python, AWS, NLP. 1 projects completed. Certified in AWS. Domain: Cloud."
C474,Candidate_474,M.Tech,8,"TensorFlow, Machine Learning, Deep Learning, PyTorch, NLP, Tableau",AWS,6,52,87,Cloud,"TensorFlow, Machine Learning, Deep Learning, PyTorch, NLP, Tableau. 6 projects completed. Certified in Google. Domain: Data Science."
C475,Candidate_475,B.Sc Data Science,8,"AWS, SQL, TensorFlow, Tableau, Python",Azure,8,65,63,Data Science,"AWS, SQL, TensorFlow, Tableau, Python. 1 projects completed. Certified in Google. Domain: AI."
C476,Candidate_476,B.Sc Data Science,3,"PyTorch, Tableau, NLP, AWS, SQL",Google,4,65,97,Analytics,"PyTorch, Tableau, NLP, AWS, SQL. 10 projects completed. Certified in Azure. Domain: AI."
C477,Candidate_477,B.Sc Data Science,5,"Power BI, NLP, PyTorch, Azure, Machine Learning, Deep Learning",Azure,9,76,50,Cloud,"Power BI, NLP, PyTorch, Azure, Machine Learning, Deep Learning. 3 projects completed. Certified in Azure. Domain: Data Science."
C478,Candidate_478,M.Tech,0,"Azure, Python, Power BI, Machine Learning, SQL",AWS,2,92,63,Cloud,"Azure, Python, Power BI, Machine Learning, SQL. 9 projects completed. Certified in Google. Domain: Data Science."
C479,Candidate_479,MCA,8,"TensorFlow, Tableau, Deep Learning",None,6,96,67,Analytics,"TensorFlow, Tableau, Deep Learning. 2 projects completed. Certified in Azure. Domain: Analytics."
C480,Candidate_480,M.Tech,4,"TensorFlow, AWS, Tableau",None,2,54,75,Data Science,"TensorFlow, AWS, Tableau. 9 projects completed. Certified in Google. Domain: Data Science."
C481,Candidate_481,MCA,7,"TensorFlow, Power BI, Machine Learning",None,6,80,80,Data Science,"TensorFlow, Power BI, Machine Learning. 8 projects completed. Certified in Google. Domain: Cloud."
C482,Candidate_482,MCA,5,"SQL, Azure, PyTorch, TensorFlow, Deep Learning, Python",Azure,5,80,80,AI,"SQL, Azure, PyTorch, TensorFlow, Deep Learning, Python. 4 projects completed. Certified in AWS. Domain: Data Science."
C483,Candidate_483,M.Tech,1,"Power BI, Deep Learning, PyTorch, SQL, Azure, Python",None,9,70,84,Cloud,"Power BI, Deep Learning, PyTorch, SQL, Azure, Python. 3 projects completed. Certified in Azure. Domain: Data Science."
C484,Candidate_484,B.Tech,3,"TensorFlow, AWS, Azure",AWS,4,78,56,AI,"TensorFlow, AWS, Azure. 5 projects completed. Certified in Azure. Domain: AI."
C485,Candidate_485,MCA,10,"NLP, Machine Learning, PyTorch, AWS, Power BI",None,2,84,89,AI,"NLP, Machine Learning, PyTorch, AWS, Power BI. 1 projects completed. Certified in Azure. Domain: AI."
C486,Candidate_486,B.Sc Data Science,7,"Deep Learning, TensorFlow, Power BI, Azure, Tableau, Machine Learning",Google,10,62,86,Cloud,"Deep Learning, TensorFlow, Power BI, Azure, Tableau, Machine Learning. 2 projects completed. Certified in AWS. Domain: Data Science."
C487,Candidate_487,M.Tech,3,"NLP, TensorFlow, SQL, Deep Learning, Azure, Machine Learning",None,3,70,52,AI,"NLP, TensorFlow, SQL, Deep Learning, Azure, Machine Learning. 7 projects completed. Certified in Azure. Domain: AI."
C488,Candidate_488,B.Tech,7,"SQL, NLP, AWS, Deep Learning, Tableau",Google,8,88,92,AI,"SQL, NLP, AWS, Deep Learning, Tableau. 1 projects completed. Certified in Azure. Domain: AI."
C489,Candidate_489,B.Sc Data Science,4,"Azure, SQL, Python, TensorFlow, Tableau, Power BI",Google,5,63,94,AI,"Azure, SQL, Python, TensorFlow, Tableau, Power BI. 2 projects completed. Certified in Google. Domain: AI."
C490,Candidate_490,B.Sc Data Science,9,"SQL, TensorFlow, NLP, Azure",AWS,4,60,96,Data Science,"SQL, TensorFlow, NLP, Azure. 4 projects completed. Certified in Google. Domain: Analytics."
C491,Candidate_491,M.Tech,2,"Power BI, Python, TensorFlow, NLP",Google,4,51,58,Cloud,"Power BI, Python, TensorFlow, NLP. 6 projects completed. Certified in Google. Domain: Analytics."
C492,Candidate_492,B.Sc Data Science,10,"Azure, Python, Deep Learning",Azure,3,91,86,Cloud,"Azure, Python, Deep Learning. 2 projects completed. Certified in Azure. Domain: Cloud."
C493,Candidate_493,M.Tech,4,"Machine Learning, Power BI, PyTorch, AWS, NLP",AWS,2,89,76,Data Science,"Machine Learning, Power BI, PyTorch, AWS, NLP. 9 projects completed. Certified in AWS. Domain: Cloud."
C494,Candidate_494,B.Tech,4,"SQL, Tableau, Deep Learning, Azure",None,6,92,62,Analytics,"SQL, Tableau, Deep Learning, Azure. 2 projects completed. Certified in AWS. Domain: Cloud."
C495,Candidate_495,M.Tech,0,"Tableau, PyTorch, TensorFlow, NLP, Machine Learning, SQL",Google,8,65,50,Data Science,"Tableau, PyTorch, TensorFlow, NLP, Machine Learning, SQL. 6 projects completed. Certified in Google. Domain: Cloud."
C496,Candidate_496,B.Sc Data Science,10,"Machine Learning, Azure, Tableau, Power BI, Python",None,8,75,86,Data Science,"Machine Learning, Azure, Tableau, Power BI, Python. 8 projects completed. Certified in AWS. Domain: Cloud."
C497,Candidate_497,M.Tech,10,"Tableau, PyTorch, Azure",Azure,5,74,100,Analytics,"Tableau, PyTorch, Azure. 8 projects completed. Certified in Google. Domain: Data Science."
C498,Candidate_498,B.Tech,4,"AWS, Python, Deep Learning, Tableau",None,2,90,65,Cloud,"AWS, Python, Deep Learning, Tableau. 2 projects completed. Certified in AWS. Domain: Data Science."
C499,Candidate_499,B.Tech,8,"Power BI, PyTorch, Tableau, SQL, Machine Learning",AWS,8,67,87,Analytics,"Power BI, PyTorch, Tableau, SQL, Machine Learning. 4 projects completed. Certified in AWS. Domain: Analytics."
C500,Candidate_500,B.Sc Data Science,7,"Azure, TensorFlow, NLP, SQL, Tableau, AWS",AWS,4,56,52,Data Science,"Azure, TensorFlow, NLP, SQL, Tableau, AWS. 10 projects completed. Certified in AWS. Domain: Cloud."
