candidate_id,name,education,experience_years,skills,certifications,projects_count,github_score,linkedin_activity,domain,score,reason
C394,Candidate_394,MCA,8,"PyTorch, Tableau, Python, Deep Learning, Machine Learning, SQL",Azure,10,98,83,Analytics,97.15,"Matched 3/3 skills, Experience: 8 yrs"
C230,Candidate_230,B.Tech,5,"Machine Learning, Deep Learning, Python, SQL",,10,93,83,Data Science,96.4,"Matched 3/3 skills, Experience: 5 yrs"
C041,Candidate_41,MCA,5,"Azure, AWS, Power BI, Python, Machine Learning, SQL",Azure,8,69,90,Cloud,93.85,"Matched 3/3 skills, Experience: 5 yrs"
C086,Candidate_86,MCA,7,"Python, Machine Learning, SQL",,1,95,61,Analytics,93.4,"Matched 3/3 skills, Experience: 7 yrs"
C307,Candidate_307,B.Sc Data Science,7,"Deep Learning, SQL, Python, Machine Learning, NLP, AWS",AWS,4,59,97,Data Science,93.39999999999999,"Matched 3/3 skills, Experience: 7 yrs"
C302,Candidate_302,M.Tech,6,"SQL, NLP, Machine Learning, AWS, Python",Azure,9,100,55,AI,93.25,"Matched 3/3 skills, Experience: 6 yrs"
C139,Candidate_139,B.Tech,4,"Machine Learning, PyTorch, NLP, Python, Tableau, SQL",,5,62,88,Data Science,92.5,"Matched 3/3 skills, Experience: 4 yrs"
C382,Candidate_382,B.Tech,6,"SQL, Python, NLP, Machine Learning, Tableau, Azure",Google,7,60,89,AI,92.35,"Matched 3/3 skills, Experience: 6 yrs"
C279,Candidate_279,M.Tech,10,"Machine Learning, SQL, AWS, Python, Tableau, TensorFlow",,7,85,60,AI,91.75,"Matched 3/3 skills, Experience: 10 yrs"
C175,Candidate_175,M.Tech,3,"Azure, Python, SQL, Tableau, NLP, Machine Learning",Google,1,66,77,Analytics,91.45,"Matched 3/3 skills, Experience: 3 yrs"
C199,Candidate_199,M.Tech,8,"Azure, Machine Learning, SQL, Tableau, Python",,4,69,73,Analytics,91.3,"Matched 3/3 skills, Experience: 8 yrs"
C171,Candidate_171,MCA,6,"Tableau, Python, Power BI, Machine Learning, SQL, Deep Learning",Azure,10,60,79,Data Science,90.85,"Matched 3/3 skills, Experience: 6 yrs"
C454,Candidate_454,B.Sc Data Science,4,"SQL, Python, Power BI, Tableau, Machine Learning, Azure",AWS,10,79,57,Analytics,90.39999999999999,"Matched 3/3 skills, Experience: 4 yrs"
C378,Candidate_378,B.Sc Data Science,6,"NLP, TensorFlow, PyTorch, SQL, Machine Learning, Python",Google,10,67,64,Cloud,89.64999999999999,"Matched 3/3 skills, Experience: 6 yrs"
C421,Candidate_421,M.Tech,8,"SQL, Azure, Machine Learning, AWS, Python",AWS,10,75,55,Cloud,89.5,"Matched 3/3 skills, Experience: 8 yrs"
C305,Candidate_305,B.Sc Data Science,5,"SQL, Machine Learning, Python",Azure,7,58,66,Analytics,88.60000000000001,"Matched 3/3 skills, Experience: 5 yrs"
C104,Candidate_104,MCA,3,"SQL, NLP, Tableau, Machine Learning, Python, Power BI",Azure,7,60,64,AI,88.6,"Matched 3/3 skills, Experience: 3 yrs"
C473,Candidate_473,B.Sc Data Science,7,"Machine Learning, SQL, Tableau, Python, NLP, Deep Learning",,8,64,53,AI,87.55,"Matched 3/3 skills, Experience: 7 yrs"
C435,Candidate_435,B.Sc Data Science,9,"Deep Learning, Machine Learning, Python, PyTorch, SQL",AWS,1,52,62,Analytics,87.1,"Matched 3/3 skills, Experience: 9 yrs"
C179,Candidate_179,B.Sc Data Science,3,"Python, Deep Learning, Machine Learning, SQL, AWS, TensorFlow",Azure,1,51,59,Data Science,86.5,"Matched 3/3 skills, Experience: 3 yrs"
C083,Candidate_83,MCA,2,"PyTorch, Deep Learning, SQL, Python, Power BI, Machine Learning",Azure,8,59,94,Data Science,86.28333333333332,"Matched 3/3 skills, Experience: 2 yrs"
C321,Candidate_321,MCA,3,"Python, SQL, Deep Learning, NLP, PyTorch, Machine Learning",Azure,4,53,51,AI,85.60000000000001,"Matched 3/3 skills, Experience: 3 yrs"
C167,Candidate_167,M.Tech,6,"Machine Learning, Tableau, TensorFlow, Python",Google,3,95,100,Analytics,82.58333333333333,"Matched 2/3 skills, Experience: 6 yrs"
C410,Candidate_410,B.Tech,3,"Machine Learning, PyTorch, AWS, Python, Azure",AWS,1,97,95,Analytics,82.13333333333333,"Matched 2/3 skills, Experience: 3 yrs"
C119,Candidate_119,M.Tech,5,"NLP, Tableau, SQL, Python",,9,98,94,Data Science,82.13333333333333,"Matched 2/3 skills, Experience: 5 yrs"
C117,Candidate_117,B.Sc Data Science,7,"SQL, NLP, Python, AWS",,7,86,98,Analytics,80.93333333333334,"Matched 2/3 skills, Experience: 7 yrs"
C049,Candidate_49,B.Sc Data Science,10,"SQL, Tableau, PyTorch, Power BI, TensorFlow, Python",AWS,5,92,92,Analytics,80.93333333333332,"Matched 2/3 skills, Experience: 10 yrs"
C405,Candidate_405,B.Tech,6,"AWS, Python, TensorFlow, Machine Learning, Azure",Google,1,96,87,Analytics,80.78333333333332,"Matched 2/3 skills, Experience: 6 yrs"
C098,Candidate_98,B.Sc Data Science,9,"Power BI, Machine Learning, TensorFlow, SQL, Deep Learning, Tableau",AWS,4,87,93,AI,80.33333333333333,"Matched 2/3 skills, Experience: 9 yrs"
C273,Candidate_273,B.Tech,5,"Power BI, SQL, Machine Learning, NLP",Google,6,81,99,Analytics,80.33333333333333,"Matched 2/3 skills, Experience: 5 yrs"
C441,Candidate_441,M.Tech,6,"SQL, NLP, Machine Learning",Azure,10,97,81,Analytics,80.03333333333333,"Matched 2/3 skills, Experience: 6 yrs"
C200,Candidate_200,B.Tech,8,"Tableau, Python, AWS, Machine Learning, NLP, Deep Learning",Azure,6,81,94,AI,79.58333333333333,"Matched 2/3 skills, Experience: 8 yrs"
C398,Candidate_398,MCA,4,"Azure, Machine Learning, PyTorch, Deep Learning, SQL",,4,95,80,Cloud,79.58333333333333,"Matched 2/3 skills, Experience: 4 yrs"
C036,Candidate_36,B.Tech,7,"Machine Learning, SQL, Deep Learning, Azure, PyTorch, AWS",Google,6,88,87,Data Science,79.58333333333333,"Matched 2/3 skills, Experience: 7 yrs"
C407,Candidate_407,B.Tech,6,"Machine Learning, SQL, Azure, PyTorch, Deep Learning, Tableau",Google,6,81,93,Data Science,79.43333333333334,"Matched 2/3 skills, Experience: 6 yrs"
C310,Candidate_310,MCA,8,"SQL, Tableau, PyTorch, AWS, Python, Deep Learning",Azure,10,77,97,Analytics,79.43333333333332,"Matched 2/3 skills, Experience: 8 yrs"
C021,Candidate_21,B.Sc Data Science,4,"Python, NLP, AWS, SQL, PyTorch, Tableau",,8,100,74,Analytics,79.43333333333332,"Matched 2/3 skills, Experience: 4 yrs"
C236,Candidate_236,M.Tech,1,"Python, Azure, SQL, Power BI, Machine Learning",AWS,5,78,73,Cloud,79.31666666666666,"Matched 3/3 skills, Experience: 1 yrs"
C281,Candidate_281,MCA,6,"Azure, Power BI, SQL, Machine Learning, NLP",Azure,3,91,82,Data Science,79.28333333333333,"Matched 2/3 skills, Experience: 6 yrs"
C376,Candidate_376,MCA,10,"Azure, SQL, AWS, Power BI, Python, NLP",AWS,5,77,96,Analytics,79.28333333333333,"Matched 2/3 skills, Experience: 10 yrs"
C366,Candidate_366,B.Tech,10,"AWS, Azure, Tableau, SQL, Machine Learning",,6,74,99,Cloud,79.28333333333332,"Matched 2/3 skills, Experience: 10 yrs"
C046,Candidate_46,B.Tech,7,"SQL, Tableau, Deep Learning, Python",,7,73,98,Cloud,78.98333333333333,"Matched 2/3 skills, Experience: 7 yrs"
C498,Candidate_498,B.Tech,9,"Power BI, SQL, NLP, AWS, Machine Learning",Azure,3,89,82,Cloud,78.98333333333332,"Matched 2/3 skills, Experience: 9 yrs"
C303,Candidate_303,M.Tech,8,"Python, NLP, AWS, SQL, Deep Learning, Tableau",Google,8,71,99,Data Science,78.83333333333333,"Matched 2/3 skills, Experience: 8 yrs"
C424,Candidate_424,B.Sc Data Science,4,"Power BI, Deep Learning, Machine Learning, SQL",AWS,1,86,84,Data Science,78.83333333333333,"Matched 2/3 skills, Experience: 4 yrs"
C218,Candidate_218,M.Tech,10,"Machine Learning, Tableau, PyTorch, SQL, Deep Learning, Power BI",AWS,1,93,76,AI,78.68333333333334,"Matched 2/3 skills, Experience: 10 yrs"
C045,Candidate_45,B.Tech,3,"SQL, Tableau, Machine Learning, AWS",Azure,4,98,71,AI,78.68333333333334,"Matched 2/3 skills, Experience: 3 yrs"
C346,Candidate_346,M.Tech,4,"TensorFlow, AWS, Power BI, Azure, Machine Learning, Python",Azure,2,85,84,Cloud,78.68333333333332,"Matched 2/3 skills, Experience: 4 yrs"
C455,Candidate_455,MCA,7,"Python, SQL, PyTorch",,3,87,82,Analytics,78.68333333333332,"Matched 2/3 skills, Experience: 7 yrs"
C057,Candidate_57,B.Tech,6,"AWS, Machine Learning, Azure, NLP, SQL",Google,6,76,92,AI,78.53333333333333,"Matched 2/3 skills, Experience: 6 yrs"
C039,Candidate_39,M.Tech,9,"AWS, Machine Learning, Python, Deep Learning, NLP",,8,90,78,Cloud,78.53333333333333,"Matched 2/3 skills, Experience: 9 yrs"
C248,Candidate_248,M.Tech,8,"Power BI, Python, AWS, PyTorch, Machine Learning",AWS,8,95,72,Cloud,78.38333333333333,"Matched 2/3 skills, Experience: 8 yrs"
C067,Candidate_67,B.Tech,6,"TensorFlow, Python, SQL, Power BI, AWS",Azure,5,88,78,Analytics,78.23333333333333,"Matched 2/3 skills, Experience: 6 yrs"
C256,Candidate_256,B.Tech,8,"AWS, NLP, Deep Learning, SQL, Machine Learning",,3,73,93,Data Science,78.23333333333333,"Matched 2/3 skills, Experience: 8 yrs"
C161,Candidate_161,B.Sc Data Science,4,"TensorFlow, PyTorch, Machine Learning, AWS, Deep Learning, SQL",Google,5,84,82,Cloud,78.23333333333332,"Matched 2/3 skills, Experience: 4 yrs"
C006,Candidate_6,MCA,10,"SQL, NLP, Python",AWS,3,87,78,Data Science,78.08333333333333,"Matched 2/3 skills, Experience: 10 yrs"
C292,Candidate_292,M.Tech,7,"TensorFlow, Python, AWS, Tableau, SQL, Azure",Azure,8,93,72,Cloud,78.08333333333333,"Matched 2/3 skills, Experience: 7 yrs"
C204,Candidate_204,B.Sc Data Science,10,"AWS, Python, Deep Learning, SQL, Power BI, TensorFlow",AWS,2,68,96,Analytics,77.93333333333334,"Matched 2/3 skills, Experience: 10 yrs"
C141,Candidate_141,B.Tech,3,"Machine Learning, Power BI, PyTorch, AWS, SQL, Tableau",AWS,6,96,68,Data Science,77.93333333333332,"Matched 2/3 skills, Experience: 3 yrs"
C460,Candidate_460,MCA,4,"SQL, Deep Learning, Python",Azure,7,85,78,Cloud,77.78333333333333,"Matched 2/3 skills, Experience: 4 yrs"
C064,Candidate_64,MCA,10,"SQL, AWS, Machine Learning, NLP",Google,6,91,72,Data Science,77.78333333333333,"Matched 2/3 skills, Experience: 10 yrs"
C127,Candidate_127,MCA,8,"NLP, Python, Deep Learning, PyTorch, SQL, AWS",Google,2,100,63,AI,77.78333333333333,"Matched 2/3 skills, Experience: 8 yrs"
C002,Candidate_2,M.Tech,8,"Python, Deep Learning, Machine Learning, TensorFlow, Power BI, PyTorch",Google,3,95,67,Data Science,77.63333333333333,"Matched 2/3 skills, Experience: 8 yrs"
C264,Candidate_264,B.Sc Data Science,8,"TensorFlow, AWS, Python, PyTorch, Azure, Machine Learning",Google,7,69,92,Data Science,77.48333333333333,"Matched 2/3 skills, Experience: 8 yrs"
C001,Candidate_1,M.Tech,7,"PyTorch, Python, TensorFlow, Deep Learning, Machine Learning",AWS,5,92,69,AI,77.48333333333332,"Matched 2/3 skills, Experience: 7 yrs"
C152,Candidate_152,B.Tech,5,"Machine Learning, Python, Power BI",Google,10,71,90,AI,77.48333333333332,"Matched 2/3 skills, Experience: 5 yrs"
C130,Candidate_130,M.Tech,6,"TensorFlow, Power BI, AWS, Machine Learning, Python",AWS,3,94,66,Analytics,77.33333333333333,"Matched 2/3 skills, Experience: 6 yrs"
C274,Candidate_274,M.Tech,9,"Deep Learning, Python, Machine Learning, AWS, TensorFlow, Power BI",AWS,4,65,95,Cloud,77.33333333333333,"Matched 2/3 skills, Experience: 9 yrs"
C220,Candidate_220,B.Sc Data Science,4,"Azure, Deep Learning, Machine Learning, NLP, Python",Google,7,78,81,Analytics,77.18333333333334,"Matched 2/3 skills, Experience: 4 yrs"
C388,Candidate_388,M.Tech,7,"SQL, Machine Learning, Power BI",Google,10,71,88,Cloud,77.18333333333332,"Matched 2/3 skills, Experience: 7 yrs"
C011,Candidate_11,B.Tech,10,"SQL, Azure, Machine Learning",Azure,2,84,75,Data Science,77.18333333333332,"Matched 2/3 skills, Experience: 10 yrs"
C189,Candidate_189,B.Tech,8,"SQL, TensorFlow, Python",Google,2,93,65,Analytics,77.03333333333333,"Matched 2/3 skills, Experience: 8 yrs"
C361,Candidate_361,MCA,10,"AWS, Tableau, Machine Learning, Azure, PyTorch, SQL",Azure,6,69,89,Analytics,77.03333333333333,"Matched 2/3 skills, Experience: 10 yrs"
C071,Candidate_71,M.Tech,9,"Power BI, Azure, Python, SQL, Deep Learning, AWS",,5,91,66,Data Science,76.88333333333334,"Matched 2/3 skills, Experience: 9 yrs"
C428,Candidate_428,B.Tech,8,"NLP, Tableau, PyTorch, SQL, Deep Learning, Machine Learning",,2,86,71,AI,76.88333333333334,"Matched 2/3 skills, Experience: 8 yrs"
C239,Candidate_239,B.Sc Data Science,8,"Azure, SQL, Python",Azure,10,60,97,Data Science,76.88333333333333,"Matched 2/3 skills, Experience: 8 yrs"
C276,Candidate_276,B.Sc Data Science,8,"Tableau, SQL, Python, NLP, PyTorch, Power BI",AWS,7,78,79,Data Science,76.88333333333333,"Matched 2/3 skills, Experience: 8 yrs"
C120,Candidate_120,B.Sc Data Science,7,"Deep Learning, SQL, Python, Tableau, NLP",AWS,10,77,80,Data Science,76.88333333333333,"Matched 2/3 skills, Experience: 7 yrs"
C058,Candidate_58,B.Sc Data Science,9,"Tableau, Deep Learning, Python, SQL",Azure,2,95,62,Cloud,76.88333333333333,"Matched 2/3 skills, Experience: 9 yrs"
C125,Candidate_125,MCA,9,"Deep Learning, PyTorch, Machine Learning, Python, TensorFlow",Azure,9,79,76,Data Science,76.58333333333333,"Matched 2/3 skills, Experience: 9 yrs"
C470,Candidate_470,M.Tech,4,"SQL, AWS, Python, Tableau, Azure, PyTorch",,7,58,96,AI,76.43333333333334,"Matched 2/3 skills, Experience: 4 yrs"
C479,Candidate_479,MCA,3,"NLP, SQL, Machine Learning, PyTorch, Power BI",Azure,4,60,94,Cloud,76.43333333333332,"Matched 2/3 skills, Experience: 3 yrs"
C364,Candidate_364,B.Tech,10,"NLP, Python, Deep Learning, SQL, AWS",Azure,8,96,58,Analytics,76.43333333333332,"Matched 2/3 skills, Experience: 10 yrs"
C173,Candidate_173,B.Sc Data Science,9,"Python, Deep Learning, Azure, Machine Learning, Tableau",Azure,1,66,87,Analytics,76.28333333333333,"Matched 2/3 skills, Experience: 9 yrs"
C122,Candidate_122,MCA,1,"NLP, Machine Learning, SQL, Power BI, Python, TensorFlow",Google,9,50,80,AI,76.16666666666666,"Matched 3/3 skills, Experience: 1 yrs"
C075,Candidate_75,B.Tech,9,"Power BI, Python, AWS, SQL",,1,72,80,Cloud,76.13333333333333,"Matched 2/3 skills, Experience: 9 yrs"
C024,Candidate_24,B.Tech,7,"Power BI, Python, SQL",AWS,4,96,56,AI,76.13333333333333,"Matched 2/3 skills, Experience: 7 yrs"
C468,Candidate_468,B.Sc Data Science,6,"PyTorch, Machine Learning, Power BI, SQL",Azure,3,59,92,Analytics,75.98333333333333,"Matched 2/3 skills, Experience: 6 yrs"
C360,Candidate_360,B.Tech,5,"Azure, Power BI, Machine Learning, AWS, Tableau, SQL",,8,90,61,Analytics,75.98333333333333,"Matched 2/3 skills, Experience: 5 yrs"
C485,Candidate_485,B.Tech,8,"PyTorch, Python, AWS, NLP, SQL",,2,75,76,Data Science,75.98333333333333,"Matched 2/3 skills, Experience: 8 yrs"
C073,Candidate_73,MCA,3,"SQL, Deep Learning, Python, TensorFlow, AWS, NLP",,10,55,96,Data Science,75.98333333333332,"Matched 2/3 skills, Experience: 3 yrs"
C433,Candidate_433,B.Tech,8,"SQL, Machine Learning, PyTorch, AWS",Azure,7,65,85,Data Science,75.83333333333333,"Matched 2/3 skills, Experience: 8 yrs"
C080,Candidate_80,M.Tech,7,"Python, Azure, NLP, TensorFlow, Machine Learning, PyTorch",Google,9,83,67,Cloud,75.83333333333333,"Matched 2/3 skills, Experience: 7 yrs"
C391,Candidate_391,M.Tech,6,"Machine Learning, Tableau, AWS, Python, TensorFlow",,9,68,81,AI,75.68333333333334,"Matched 2/3 skills, Experience: 6 yrs"
C062,Candidate_62,B.Tech,8,"Python, NLP, SQL",Azure,8,86,63,Cloud,75.68333333333334,"Matched 2/3 skills, Experience: 8 yrs"
C007,Candidate_7,B.Sc Data Science,9,"Deep Learning, Power BI, Python, Tableau, Machine Learning",Azure,2,72,77,Analytics,75.68333333333332,"Matched 2/3 skills, Experience: 9 yrs"
C317,Candidate_317,MCA,4,"Deep Learning, Machine Learning, Azure, NLP, SQL",Google,7,70,78,Analytics,75.53333333333333,"Matched 2/3 skills, Experience: 4 yrs"
C437,Candidate_437,M.Tech,8,"Azure, Deep Learning, PyTorch, Machine Learning, Power BI, Python",Azure,4,70,78,Analytics,75.53333333333333,"Matched 2/3 skills, Experience: 8 yrs"
C335,Candidate_335,B.Tech,5,"SQL, Power BI, Deep Learning, TensorFlow, Machine Learning",Google,1,67,81,Cloud,75.53333333333333,"Matched 2/3 skills, Experience: 5 yrs"
C219,Candidate_219,M.Tech,7,"NLP, TensorFlow, PyTorch, Python, Machine Learning",Google,5,84,64,Data Science,75.53333333333332,"Matched 2/3 skills, Experience: 7 yrs"
C195,Candidate_195,M.Tech,9,"Azure, AWS, Python, TensorFlow, SQL",,8,56,91,Cloud,75.38333333333333,"Matched 2/3 skills, Experience: 9 yrs"
C284,Candidate_284,B.Tech,5,"Python, PyTorch, SQL",,7,93,54,AI,75.38333333333333,"Matched 2/3 skills, Experience: 5 yrs"
C363,Candidate_363,B.Sc Data Science,7,"SQL, AWS, Machine Learning, PyTorch",AWS,6,77,70,AI,75.38333333333333,"Matched 2/3 skills, Experience: 7 yrs"
C015,Candidate_15,B.Sc Data Science,10,"SQL, AWS, Python, PyTorch",,1,66,80,Data Science,75.23333333333332,"Matched 2/3 skills, Experience: 10 yrs"
C367,Candidate_367,B.Tech,7,"Python, TensorFlow, Deep Learning, Machine Learning, NLP, Tableau",AWS,1,80,64,Analytics,74.93333333333332,"Matched 2/3 skills, Experience: 7 yrs"
C231,Candidate_231,B.Sc Data Science,6,"PyTorch, TensorFlow, Machine Learning, Azure, SQL",Azure,2,76,66,Cloud,74.63333333333334,"Matched 2/3 skills, Experience: 6 yrs"
C482,Candidate_482,M.Tech,4,"Python, PyTorch, Deep Learning, Machine Learning, AWS, Tableau",AWS,1,58,84,Analytics,74.63333333333333,"Matched 2/3 skills, Experience: 4 yrs"
C148,Candidate_148,B.Tech,7,"NLP, Machine Learning, Tableau, TensorFlow, Deep Learning, Python",,8,60,82,Data Science,74.63333333333333,"Matched 2/3 skills, Experience: 7 yrs"
C121,Candidate_121,MCA,7,"SQL, Python, TensorFlow, Power BI, PyTorch",Google,10,66,74,Analytics,74.33333333333333,"Matched 2/3 skills, Experience: 7 yrs"
C461,Candidate_461,M.Tech,3,"NLP, Python, Power BI, Machine Learning",Google,4,89,50,Cloud,74.18333333333332,"Matched 2/3 skills, Experience: 3 yrs"
C047,Candidate_47,M.Tech,10,"NLP, Machine Learning, Deep Learning, Python, Tableau, Azure",,7,52,86,Analytics,74.03333333333333,"Matched 2/3 skills, Experience: 10 yrs"
C375,Candidate_375,B.Tech,7,"Power BI, Deep Learning, Machine Learning, TensorFlow, SQL, AWS",AWS,5,52,85,Cloud,73.88333333333333,"Matched 2/3 skills, Experience: 7 yrs"
C269,Candidate_269,MCA,1,"Python, SQL, Azure, Machine Learning",AWS,7,52,62,AI,73.76666666666667,"Matched 3/3 skills, Experience: 1 yrs"
C472,Candidate_472,MCA,6,"PyTorch, AWS, SQL, TensorFlow, NLP, Python",Azure,8,65,71,Data Science,73.73333333333333,"Matched 2/3 skills, Experience: 6 yrs"
C337,Candidate_337,B.Sc Data Science,6,"AWS, Python, NLP, Machine Learning, TensorFlow, Deep Learning",AWS,9,76,60,AI,73.73333333333333,"Matched 2/3 skills, Experience: 6 yrs"
C053,Candidate_53,M.Tech,7,"Python, Deep Learning, TensorFlow, Azure, SQL, Power BI",,6,75,61,Data Science,73.73333333333333,"Matched 2/3 skills, Experience: 7 yrs"
C365,Candidate_365,MCA,7,"Machine Learning, Power BI, SQL, Azure",Google,2,85,50,Analytics,73.58333333333333,"Matched 2/3 skills, Experience: 7 yrs"
C359,Candidate_359,MCA,6,"Tableau, SQL, Python, AWS, Deep Learning",Azure,10,84,51,AI,73.58333333333333,"Matched 2/3 skills, Experience: 6 yrs"
C316,Candidate_316,B.Tech,9,"Machine Learning, AWS, Python",Google,8,70,65,Data Science,73.58333333333333,"Matched 2/3 skills, Experience: 9 yrs"
C462,Candidate_462,M.Tech,9,"SQL, Machine Learning, TensorFlow, AWS",Google,1,85,50,Analytics,73.58333333333333,"Matched 2/3 skills, Experience: 9 yrs"
C459,Candidate_459,M.Tech,5,"SQL, Python, PyTorch, TensorFlow",Azure,3,69,66,Cloud,73.58333333333333,"Matched 2/3 skills, Experience: 5 yrs"
C491,Candidate_491,B.Sc Data Science,10,"Deep Learning, TensorFlow, NLP, Machine Learning, SQL, AWS",Azure,6,75,59,AI,73.43333333333332,"Matched 2/3 skills, Experience: 10 yrs"
C154,Candidate_154,B.Tech,3,"Power BI, SQL, Deep Learning, Machine Learning",Azure,9,81,52,AI,73.28333333333333,"Matched 2/3 skills, Experience: 3 yrs"
C328,Candidate_328,MCA,9,"Deep Learning, Python, Power BI, PyTorch, SQL, NLP",AWS,3,53,80,Data Science,73.28333333333333,"Matched 2/3 skills, Experience: 9 yrs"
C048,Candidate_48,M.Tech,8,"Azure, PyTorch, AWS, Power BI, Python, Machine Learning",AWS,3,71,62,AI,73.28333333333333,"Matched 2/3 skills, Experience: 8 yrs"
C010,Candidate_10,B.Tech,3,"Power BI, Machine Learning, Python, AWS",AWS,5,56,77,Data Science,73.28333333333333,"Matched 2/3 skills, Experience: 3 yrs"
C342,Candidate_342,B.Tech,10,"Azure, TensorFlow, NLP, Machine Learning, PyTorch, Python",,1,53,78,AI,72.98333333333333,"Matched 2/3 skills, Experience: 10 yrs"
C478,Candidate_478,B.Tech,9,"NLP, Azure, Deep Learning, Python, SQL, PyTorch",Azure,8,55,75,Cloud,72.83333333333333,"Matched 2/3 skills, Experience: 9 yrs"
C229,Candidate_229,M.Tech,3,"NLP, SQL, PyTorch, AWS, Azure, Python",AWS,8,69,61,Analytics,72.83333333333333,"Matched 2/3 skills, Experience: 3 yrs"
C172,Candidate_172,B.Sc Data Science,4,"Python, SQL, Azure, AWS, NLP, Deep Learning",Azure,5,80,50,Cloud,72.83333333333333,"Matched 2/3 skills, Experience: 4 yrs"
C417,Candidate_417,M.Tech,4,"Machine Learning, SQL, PyTorch",AWS,7,70,60,Analytics,72.83333333333333,"Matched 2/3 skills, Experience: 4 yrs"
C182,Candidate_182,B.Sc Data Science,3,"Azure, SQL, TensorFlow, Power BI, Machine Learning",Google,6,63,66,Data Science,72.68333333333334,"Matched 2/3 skills, Experience: 3 yrs"
C158,Candidate_158,MCA,8,"NLP, SQL, PyTorch, Python, Tableau, Deep Learning",Google,2,55,73,AI,72.53333333333333,"Matched 2/3 skills, Experience: 8 yrs"
C251,Candidate_251,B.Sc Data Science,3,"Tableau, SQL, Python, Power BI, AWS",Google,5,50,78,AI,72.53333333333333,"Matched 2/3 skills, Experience: 3 yrs"
C379,Candidate_379,MCA,2,"Deep Learning, Tableau, NLP, Python, TensorFlow, Machine Learning",AWS,9,83,87,AI,72.16666666666666,"Matched 2/3 skills, Experience: 2 yrs"
C070,Candidate_70,MCA,6,"TensorFlow, Tableau, Power BI, Python, Deep Learning, Machine Learning",Azure,2,66,59,Data Science,72.08333333333333,"Matched 2/3 skills, Experience: 6 yrs"
C362,Candidate_362,B.Tech,4,"NLP, Tableau, TensorFlow, Machine Learning, Python, PyTorch",,4,74,50,AI,71.93333333333332,"Matched 2/3 skills, Experience: 4 yrs"
C411,Candidate_411,B.Tech,4,"SQL, TensorFlow, AWS, Machine Learning, PyTorch",AWS,4,69,54,Data Science,71.78333333333333,"Matched 2/3 skills, Experience: 4 yrs"
C159,Candidate_159,B.Sc Data Science,5,"Tableau, Python, Deep Learning, Power BI, Machine Learning, Azure",AWS,2,58,64,Data Science,71.63333333333333,"Matched 2/3 skills, Experience: 5 yrs"
C447,Candidate_447,MCA,5,"SQL, AWS, NLP, PyTorch, Azure, Python",Azure,2,62,60,Data Science,71.63333333333333,"Matched 2/3 skills, Experience: 5 yrs"
C324,Candidate_324,M.Tech,2,"Machine Learning, TensorFlow, AWS, SQL, Azure, NLP",Azure,1,93,73,Analytics,71.56666666666666,"Matched 2/3 skills, Experience: 2 yrs"
C176,Candidate_176,M.Tech,2,"Python, SQL, Azure, Deep Learning",,6,91,75,AI,71.56666666666666,"Matched 2/3 skills, Experience: 2 yrs"
C329,Candidate_329,MCA,4,"TensorFlow, Machine Learning, SQL, PyTorch",,2,65,56,Cloud,71.48333333333333,"Matched 2/3 skills, Experience: 4 yrs"
C190,Candidate_190,B.Tech,9,"Python, TensorFlow, Power BI, SQL, NLP",AWS,6,52,69,Analytics,71.48333333333332,"Matched 2/3 skills, Experience: 9 yrs"
C144,Candidate_144,B.Tech,3,"NLP, Machine Learning, Azure, Python, PyTorch, Tableau",Azure,8,62,58,AI,71.33333333333333,"Matched 2/3 skills, Experience: 3 yrs"
C318,Candidate_318,M.Tech,2,"Tableau, Azure, TensorFlow, SQL, Deep Learning, Machine Learning",,6,69,93,AI,70.96666666666665,"Matched 2/3 skills, Experience: 2 yrs"
C266,Candidate_266,B.Sc Data Science,2,"Machine Learning, Azure, SQL, TensorFlow, NLP, Power BI",,4,72,90,Cloud,70.96666666666665,"Matched 2/3 skills, Experience: 2 yrs"
C044,Candidate_44,B.Sc Data Science,5,"SQL, Power BI, Python, NLP, Deep Learning, Tableau",Azure,3,64,53,Data Science,70.88333333333333,"Matched 2/3 skills, Experience: 5 yrs"
C489,Candidate_489,MCA,5,"Python, SQL, Tableau, PyTorch",,4,62,53,Cloud,70.58333333333333,"Matched 2/3 skills, Experience: 5 yrs"
C059,Candidate_59,MCA,9,"Machine Learning, Azure, Power BI, NLP, Python, Deep Learning",Google,8,62,51,AI,70.28333333333333,"Matched 2/3 skills, Experience: 9 yrs"
C495,Candidate_495,M.Tech,7,"NLP, SQL, Python",Google,8,52,60,Analytics,70.13333333333333,"Matched 2/3 skills, Experience: 7 yrs"
C373,Candidate_373,M.Tech,3,"TensorFlow, Azure, Machine Learning, SQL",AWS,5,54,55,Cloud,69.68333333333334,"Matched 2/3 skills, Experience: 3 yrs"
C486,Candidate_486,B.Tech,7,"Power BI, Tableau, SQL, Python",,6,57,52,Data Science,69.68333333333332,"Matched 2/3 skills, Experience: 7 yrs"
C065,Candidate_65,M.Tech,2,"TensorFlow, AWS, Machine Learning, PyTorch, Python, NLP",AWS,10,93,59,Analytics,69.46666666666665,"Matched 2/3 skills, Experience: 2 yrs"
C414,Candidate_414,B.Tech,2,"TensorFlow, Machine Learning, Power BI, SQL, NLP, Tableau",Azure,6,55,93,AI,68.86666666666666,"Matched 2/3 skills, Experience: 2 yrs"
C272,Candidate_272,MCA,1,"Power BI, Python, Azure, TensorFlow, Machine Learning",Azure,8,100,92,AI,68.8,"Matched 2/3 skills, Experience: 1 yrs"
C014,Candidate_14,MCA,2,"Machine Learning, AWS, SQL, NLP, PyTorch",Azure,2,65,77,Analytics,67.96666666666665,"Matched 2/3 skills, Experience: 2 yrs"
C012,Candidate_12,B.Tech,2,"Power BI, SQL, Deep Learning, PyTorch, Python, AWS",Azure,2,50,86,Analytics,67.06666666666666,"Matched 2/3 skills, Experience: 2 yrs"
C241,Candidate_241,MCA,2,"Azure, TensorFlow, SQL, Deep Learning, AWS, Python",Google,6,56,79,Cloud,66.91666666666666,"Matched 2/3 skills, Experience: 2 yrs"
C257,Candidate_257,M.Tech,2,"NLP, Azure, Python, TensorFlow, Tableau, SQL",Google,6,69,65,Cloud,66.76666666666665,"Matched 2/3 skills, Experience: 2 yrs"
C215,Candidate_215,MCA,1,"Machine Learning, Python, Azure",Azure,8,96,77,Data Science,65.94999999999999,"Matched 2/3 skills, Experience: 1 yrs"
C186,Candidate_186,M.Tech,6,"Machine Learning, NLP, TensorFlow",Azure,8,97,96,Data Science,65.61666666666666,"Matched 1/3 skills, Experience: 6 yrs"
C496,Candidate_496,B.Sc Data Science,1,"PyTorch, TensorFlow, Python, SQL, Power BI, NLP",Azure,1,76,93,AI,65.35,"Matched 2/3 skills, Experience: 1 yrs"
C151,Candidate_151,B.Sc Data Science,2,"Python, SQL, TensorFlow, Tableau, NLP",,3,57,66,Cloud,65.11666666666666,"Matched 2/3 skills, Experience: 2 yrs"
C412,Candidate_412,MCA,5,"Power BI, Machine Learning, Azure",Google,6,95,93,Data Science,64.86666666666666,"Matched 1/3 skills, Experience: 5 yrs"
C265,Candidate_265,M.Tech,6,"PyTorch, SQL, TensorFlow, Tableau",AWS,5,100,88,Data Science,64.86666666666666,"Matched 1/3 skills, Experience: 6 yrs"
C287,Candidate_287,B.Sc Data Science,10,"Azure, AWS, Tableau, Python",AWS,3,89,98,Cloud,64.71666666666667,"Matched 1/3 skills, Experience: 10 yrs"
C192,Candidate_192,M.Tech,1,"TensorFlow, Azure, SQL, Machine Learning",Google,1,95,69,Cloud,64.6,"Matched 2/3 skills, Experience: 1 yrs"
C191,Candidate_191,B.Sc Data Science,4,"Python, NLP, Deep Learning",Google,6,89,97,Analytics,64.56666666666666,"Matched 1/3 skills, Experience: 4 yrs"
C093,Candidate_93,B.Sc Data Science,9,"NLP, Machine Learning, TensorFlow, Power BI, Deep Learning, PyTorch",,10,96,89,Cloud,64.41666666666666,"Matched 1/3 skills, Experience: 9 yrs"
C400,Candidate_400,M.Tech,2,"Tableau, SQL, Python, Power BI, Deep Learning",,8,60,58,Cloud,64.36666666666666,"Matched 2/3 skills, Experience: 2 yrs"
C043,Candidate_43,B.Sc Data Science,2,"Python, SQL, Deep Learning, AWS, PyTorch",,10,68,50,AI,64.36666666666666,"Matched 2/3 skills, Experience: 2 yrs"
C416,Candidate_416,M.Tech,9,"SQL, Power BI, Azure, NLP, PyTorch, TensorFlow",,7,93,90,Data Science,64.11666666666666,"Matched 1/3 skills, Experience: 9 yrs"
C166,Candidate_166,M.Tech,4,"Power BI, Machine Learning, PyTorch, TensorFlow",Azure,10,94,89,Data Science,64.11666666666666,"Matched 1/3 skills, Experience: 4 yrs"
C419,Candidate_419,MCA,6,"NLP, TensorFlow, SQL",Google,2,84,99,Analytics,64.11666666666666,"Matched 1/3 skills, Experience: 6 yrs"
C354,Candidate_354,B.Sc Data Science,5,"PyTorch, NLP, Machine Learning, Tableau",,2,97,86,AI,64.11666666666666,"Matched 1/3 skills, Experience: 5 yrs"
C091,Candidate_91,B.Sc Data Science,7,"Power BI, Azure, Python",AWS,3,90,93,Data Science,64.11666666666666,"Matched 1/3 skills, Experience: 7 yrs"
C283,Candidate_283,M.Tech,9,"NLP, AWS, PyTorch, SQL",Google,2,90,92,Data Science,63.96666666666666,"Matched 1/3 skills, Experience: 9 yrs"
C160,Candidate_160,B.Sc Data Science,7,"PyTorch, TensorFlow, Python, Deep Learning",Google,7,98,83,Cloud,63.81666666666666,"Matched 1/3 skills, Experience: 7 yrs"
C074,Candidate_74,MCA,1,"SQL, Machine Learning, TensorFlow",AWS,10,99,58,Analytics,63.55,"Matched 2/3 skills, Experience: 1 yrs"
C277,Candidate_277,M.Tech,1,"NLP, Machine Learning, Tableau, Power BI, Azure, Python",Azure,7,66,91,Data Science,63.54999999999999,"Matched 2/3 skills, Experience: 1 yrs"
C278,Candidate_278,MCA,10,"Deep Learning, TensorFlow, NLP, Azure, PyTorch, SQL",Google,6,91,87,Cloud,63.36666666666666,"Matched 1/3 skills, Experience: 10 yrs"
C029,Candidate_29,B.Tech,3,"TensorFlow, AWS, SQL",Azure,6,84,92,AI,63.06666666666666,"Matched 1/3 skills, Experience: 3 yrs"
C223,Candidate_223,B.Tech,5,"Azure, Machine Learning, Deep Learning, AWS, Tableau",Azure,2,100,74,Data Science,62.766666666666666,"Matched 1/3 skills, Experience: 5 yrs"
C494,Candidate_494,B.Tech,9,"PyTorch, Power BI, AWS, Tableau, TensorFlow, Python",Google,10,82,92,AI,62.76666666666666,"Matched 1/3 skills, Experience: 9 yrs"
C389,Candidate_389,MCA,10,"Deep Learning, Python, AWS",Azure,1,76,97,Cloud,62.61666666666666,"Matched 1/3 skills, Experience: 10 yrs"
C429,Candidate_429,B.Tech,5,"AWS, Machine Learning, TensorFlow, Azure",AWS,8,90,81,Cloud,62.31666666666666,"Matched 1/3 skills, Experience: 5 yrs"
C105,Candidate_105,B.Sc Data Science,4,"Machine Learning, PyTorch, TensorFlow, AWS",Azure,5,74,96,Data Science,62.166666666666664,"Matched 1/3 skills, Experience: 4 yrs"
C311,Candidate_311,M.Tech,10,"PyTorch, Deep Learning, Python",Azure,3,77,93,Data Science,62.16666666666666,"Matched 1/3 skills, Experience: 10 yrs"
C293,Candidate_293,B.Sc Data Science,5,"Azure, TensorFlow, SQL, Deep Learning",AWS,2,87,83,Analytics,62.16666666666666,"Matched 1/3 skills, Experience: 5 yrs"
C013,Candidate_13,MCA,8,"TensorFlow, Deep Learning, Machine Learning, PyTorch, AWS",Google,7,74,93,Analytics,61.71666666666667,"Matched 1/3 skills, Experience: 8 yrs"
C250,Candidate_250,MCA,10,"AWS, SQL, Azure, Power BI",Azure,10,78,89,Analytics,61.71666666666666,"Matched 1/3 skills, Experience: 10 yrs"
C234,Candidate_234,B.Sc Data Science,10,"Power BI, PyTorch, SQL, Azure",Azure,1,68,99,AI,61.71666666666666,"Matched 1/3 skills, Experience: 10 yrs"
C026,Candidate_26,MCA,7,"AWS, PyTorch, TensorFlow, Python",AWS,5,97,70,Data Science,61.71666666666666,"Matched 1/3 skills, Experience: 7 yrs"
C238,Candidate_238,MCA,10,"SQL, Deep Learning, Tableau, TensorFlow",Google,6,69,97,Cloud,61.56666666666666,"Matched 1/3 skills, Experience: 10 yrs"
C297,Candidate_297,MCA,10,"Azure, NLP, AWS, SQL, PyTorch",Google,5,80,86,Data Science,61.56666666666666,"Matched 1/3 skills, Experience: 10 yrs"
C003,Candidate_3,MCA,7,"Tableau, TensorFlow, Python, Deep Learning, Power BI",AWS,10,90,76,Analytics,61.56666666666666,"Matched 1/3 skills, Experience: 7 yrs"
C325,Candidate_325,MCA,7,"SQL, AWS, PyTorch, TensorFlow",,4,80,86,Cloud,61.56666666666666,"Matched 1/3 skills, Experience: 7 yrs"
C096,Candidate_96,B.Sc Data Science,1,"Power BI, Azure, Machine Learning, SQL, Deep Learning",AWS,6,76,67,Cloud,61.44999999999999,"Matched 2/3 skills, Experience: 1 yrs"
C261,Candidate_261,B.Sc Data Science,7,"SQL, NLP, PyTorch, Power BI",Azure,1,89,76,Cloud,61.416666666666664,"Matched 1/3 skills, Experience: 7 yrs"
C450,Candidate_450,MCA,5,"AWS, Power BI, SQL",AWS,6,78,87,Analytics,61.41666666666666,"Matched 1/3 skills, Experience: 5 yrs"
C401,Candidate_401,MCA,3,"NLP, Tableau, SQL, Azure, TensorFlow",AWS,5,68,97,Data Science,61.41666666666666,"Matched 1/3 skills, Experience: 3 yrs"
C474,Candidate_474,M.Tech,7,"TensorFlow, Python, Deep Learning",Google,9,83,82,Cloud,61.41666666666666,"Matched 1/3 skills, Experience: 7 yrs"
C123,Candidate_123,B.Sc Data Science,10,"Deep Learning, Tableau, PyTorch, Machine Learning",Google,10,90,74,Cloud,61.266666666666666,"Matched 1/3 skills, Experience: 10 yrs"
C163,Candidate_163,MCA,6,"Tableau, PyTorch, NLP, Deep Learning, Python",Azure,6,89,75,Data Science,61.266666666666666,"Matched 1/3 skills, Experience: 6 yrs"
C106,Candidate_106,M.Tech,10,"PyTorch, Azure, Python",AWS,2,83,81,Data Science,61.26666666666666,"Matched 1/3 skills, Experience: 10 yrs"
C438,Candidate_438,M.Tech,7,"AWS, SQL, Power BI, Azure",AWS,7,94,69,AI,61.11666666666667,"Matched 1/3 skills, Experience: 7 yrs"
C372,Candidate_372,B.Tech,4,"PyTorch, NLP, Machine Learning",Google,4,78,85,AI,61.11666666666666,"Matched 1/3 skills, Experience: 4 yrs"
C165,Candidate_165,B.Tech,7,"PyTorch, AWS, SQL",Google,4,93,70,Data Science,61.11666666666666,"Matched 1/3 skills, Experience: 7 yrs"
C016,Candidate_16,MCA,10,"Machine Learning, Power BI, Deep Learning, TensorFlow",AWS,7,68,95,Analytics,61.11666666666666,"Matched 1/3 skills, Experience: 10 yrs"
C089,Candidate_89,M.Tech,8,"Azure, Deep Learning, Machine Learning",AWS,2,76,87,Analytics,61.11666666666666,"Matched 1/3 skills, Experience: 8 yrs"
C019,Candidate_19,B.Tech,8,"Tableau, Azure, NLP, Machine Learning",Azure,7,80,82,AI,60.96666666666666,"Matched 1/3 skills, Experience: 8 yrs"
C385,Candidate_385,MCA,9,"Deep Learning, Python, AWS",,6,78,84,AI,60.96666666666666,"Matched 1/3 skills, Experience: 9 yrs"
C444,Candidate_444,B.Sc Data Science,7,"AWS, SQL, Tableau, Azure",Azure,7,84,77,AI,60.81666666666666,"Matched 1/3 skills, Experience: 7 yrs"
C180,Candidate_180,B.Tech,3,"Python, TensorFlow, NLP",Google,2,84,76,Cloud,60.666666666666664,"Matched 1/3 skills, Experience: 3 yrs"
C009,Candidate_9,M.Tech,4,"Deep Learning, TensorFlow, Tableau, NLP, Machine Learning",Azure,8,79,81,Data Science,60.666666666666664,"Matched 1/3 skills, Experience: 4 yrs"
C217,Candidate_217,MCA,5,"Python, Azure, Deep Learning, Power BI, PyTorch, AWS",Google,3,87,73,Cloud,60.66666666666666,"Matched 1/3 skills, Experience: 5 yrs"
C403,Candidate_403,M.Tech,5,"Azure, TensorFlow, AWS, SQL, NLP, Deep Learning",,2,61,98,Cloud,60.516666666666666,"Matched 1/3 skills, Experience: 5 yrs"
C209,Candidate_209,M.Tech,4,"NLP, Deep Learning, AWS, Python, Tableau",AWS,4,92,66,AI,60.36666666666666,"Matched 1/3 skills, Experience: 4 yrs"
C184,Candidate_184,B.Tech,3,"SQL, AWS, Tableau",Google,1,72,86,Data Science,60.36666666666666,"Matched 1/3 skills, Experience: 3 yrs"
C471,Candidate_471,B.Sc Data Science,9,"Tableau, SQL, PyTorch, Deep Learning, TensorFlow",Azure,8,70,88,Analytics,60.36666666666666,"Matched 1/3 skills, Experience: 9 yrs"
C453,Candidate_453,B.Sc Data Science,6,"SQL, Azure, TensorFlow, Power BI",Azure,5,90,68,AI,60.36666666666666,"Matched 1/3 skills, Experience: 6 yrs"
C050,Candidate_50,MCA,7,"Deep Learning, SQL, NLP, Tableau, Azure, AWS",Azure,5,86,71,Data Science,60.21666666666666,"Matched 1/3 skills, Experience: 7 yrs"
C061,Candidate_61,MCA,8,"Machine Learning, Tableau, Azure, PyTorch",Google,4,65,92,Data Science,60.21666666666666,"Matched 1/3 skills, Experience: 8 yrs"
C221,Candidate_221,M.Tech,10,"Azure, NLP, Deep Learning, SQL, PyTorch",AWS,2,63,94,AI,60.21666666666666,"Matched 1/3 skills, Experience: 10 yrs"
C030,Candidate_30,B.Sc Data Science,6,"Python, AWS, TensorFlow",AWS,10,62,94,Cloud,60.06666666666666,"Matched 1/3 skills, Experience: 6 yrs"
C051,Candidate_51,MCA,10,"TensorFlow, Tableau, Azure, Python",AWS,2,79,77,Data Science,60.06666666666666,"Matched 1/3 skills, Experience: 10 yrs"
C306,Candidate_306,B.Sc Data Science,10,"Python, PyTorch, Tableau, NLP",Azure,8,96,60,Data Science,60.06666666666666,"Matched 1/3 skills, Experience: 10 yrs"
C456,Candidate_456,B.Tech,5,"NLP, Python, Tableau",Azure,3,65,91,Analytics,60.06666666666666,"Matched 1/3 skills, Experience: 5 yrs"
C140,Candidate_140,B.Sc Data Science,8,"PyTorch, AWS, Deep Learning, Machine Learning",,4,68,87,Data Science,59.91666666666666,"Matched 1/3 skills, Experience: 8 yrs"
C025,Candidate_25,B.Tech,3,"Power BI, Machine Learning, Azure",,4,85,69,AI,59.766666666666666,"Matched 1/3 skills, Experience: 3 yrs"
C168,Candidate_168,B.Sc Data Science,5,"Python, Azure, Power BI",,7,64,90,AI,59.766666666666666,"Matched 1/3 skills, Experience: 5 yrs"
C040,Candidate_40,B.Tech,9,"Machine Learning, Power BI, Azure, Tableau, NLP, PyTorch",Azure,8,61,93,Cloud,59.766666666666666,"Matched 1/3 skills, Experience: 9 yrs"
C352,Candidate_352,B.Tech,10,"Azure, Python, PyTorch, TensorFlow",Google,9,54,100,Cloud,59.766666666666666,"Matched 1/3 skills, Experience: 10 yrs"
C432,Candidate_432,B.Tech,9,"SQL, NLP, Azure, Deep Learning",Azure,3,80,74,Data Science,59.766666666666666,"Matched 1/3 skills, Experience: 9 yrs"
C213,Candidate_213,B.Sc Data Science,7,"Azure, SQL, TensorFlow",AWS,6,59,95,Cloud,59.766666666666666,"Matched 1/3 skills, Experience: 7 yrs"
C413,Candidate_413,B.Tech,5,"Deep Learning, Machine Learning, PyTorch, NLP, Power BI",Azure,4,61,92,Cloud,59.61666666666666,"Matched 1/3 skills, Experience: 5 yrs"
C426,Candidate_426,MCA,0,"AWS, SQL, Azure, Python, NLP, TensorFlow",AWS,6,91,83,Data Science,59.43333333333332,"Matched 2/3 skills, Experience: 0 yrs"
C037,Candidate_37,M.Tech,3,"Tableau, SQL, PyTorch",AWS,7,95,54,Analytics,59.016666666666666,"Matched 1/3 skills, Experience: 3 yrs"
C023,Candidate_23,B.Sc Data Science,8,"Deep Learning, NLP, AWS, TensorFlow, Python",Google,6,73,76,Data Science,59.01666666666666,"Matched 1/3 skills, Experience: 8 yrs"
C298,Candidate_298,B.Tech,1,"Power BI, TensorFlow, Azure, Machine Learning, SQL",AWS,10,66,59,Data Science,58.74999999999999,"Matched 2/3 skills, Experience: 1 yrs"
C088,Candidate_88,B.Sc Data Science,7,"Machine Learning, NLP, Deep Learning",AWS,6,84,63,Data Science,58.71666666666667,"Matched 1/3 skills, Experience: 7 yrs"
C133,Candidate_133,MCA,10,"NLP, AWS, Machine Learning",Google,10,97,50,AI,58.71666666666666,"Matched 1/3 skills, Experience: 10 yrs"
C294,Candidate_294,MCA,9,"PyTorch, AWS, NLP, TensorFlow, Machine Learning, Tableau",,10,91,56,Cloud,58.71666666666666,"Matched 1/3 skills, Experience: 9 yrs"
C134,Candidate_134,M.Tech,3,"NLP, Machine Learning, Power BI",AWS,1,80,67,Data Science,58.71666666666666,"Matched 1/3 skills, Experience: 3 yrs"
C210,Candidate_210,M.Tech,6,"Azure, AWS, TensorFlow, Power BI, Deep Learning, Python",Google,7,61,86,Cloud,58.71666666666666,"Matched 1/3 skills, Experience: 6 yrs"
C406,Candidate_406,M.Tech,6,"PyTorch, Tableau, Python, AWS",Azure,1,81,66,Data Science,58.71666666666666,"Matched 1/3 skills, Experience: 6 yrs"
C170,Candidate_170,B.Tech,0,"Deep Learning, NLP, Power BI, TensorFlow, SQL, Python",,1,81,88,AI,58.68333333333332,"Matched 2/3 skills, Experience: 0 yrs"
C291,Candidate_291,B.Sc Data Science,8,"NLP, Azure, SQL",Google,4,91,55,Data Science,58.56666666666666,"Matched 1/3 skills, Experience: 8 yrs"
C201,Candidate_201,M.Tech,10,"Deep Learning, Python, PyTorch, Power BI, AWS",AWS,3,59,87,Cloud,58.56666666666666,"Matched 1/3 skills, Experience: 10 yrs"
C113,Candidate_113,B.Sc Data Science,4,"SQL, Tableau, PyTorch",Azure,3,74,72,Analytics,58.56666666666666,"Matched 1/3 skills, Experience: 4 yrs"
C469,Candidate_469,MCA,9,"Python, PyTorch, AWS",Google,5,63,83,AI,58.56666666666666,"Matched 1/3 skills, Experience: 9 yrs"
C488,Candidate_488,B.Sc Data Science,8,"PyTorch, Power BI, AWS, SQL, Azure, Deep Learning",,9,55,91,Cloud,58.56666666666666,"Matched 1/3 skills, Experience: 8 yrs"
C214,Candidate_214,B.Tech,4,"Azure, TensorFlow, Python",,2,88,57,AI,58.41666666666666,"Matched 1/3 skills, Experience: 4 yrs"
C271,Candidate_271,M.Tech,0,"Power BI, Machine Learning, NLP, Python",,3,67,100,AI,58.383333333333326,"Matched 2/3 skills, Experience: 0 yrs"
C492,Candidate_492,M.Tech,10,"PyTorch, TensorFlow, Tableau, Python, AWS, NLP",,10,80,64,Cloud,58.266666666666666,"Matched 1/3 skills, Experience: 10 yrs"
C222,Candidate_222,MCA,3,"Deep Learning, NLP, SQL, Azure",,10,54,89,Cloud,58.11666666666667,"Matched 1/3 skills, Experience: 3 yrs"
C420,Candidate_420,M.Tech,8,"Python, Power BI, PyTorch",Google,3,85,58,Analytics,58.11666666666666,"Matched 1/3 skills, Experience: 8 yrs"
C077,Candidate_77,B.Sc Data Science,8,"NLP, SQL, TensorFlow, PyTorch, Deep Learning, AWS",Azure,8,66,77,Analytics,58.11666666666666,"Matched 1/3 skills, Experience: 8 yrs"
C439,Candidate_439,B.Tech,3,"NLP, Deep Learning, Machine Learning, AWS",Google,3,86,57,AI,58.11666666666666,"Matched 1/3 skills, Experience: 3 yrs"
C205,Candidate_205,M.Tech,4,"Python, Power BI, Tableau, PyTorch, Deep Learning, NLP",,1,80,63,Cloud,58.11666666666666,"Matched 1/3 skills, Experience: 4 yrs"
C054,Candidate_54,B.Sc Data Science,2,"Azure, SQL, TensorFlow, Tableau",Azure,8,88,99,Data Science,58.05,"Matched 1/3 skills, Experience: 2 yrs"
C267,Candidate_267,B.Sc Data Science,3,"Tableau, NLP, SQL, AWS, Power BI",Azure,6,84,58,Data Science,57.96666666666667,"Matched 1/3 skills, Experience: 3 yrs"
C404,Candidate_404,B.Tech,7,"PyTorch, SQL, Power BI, NLP, AWS",AWS,4,54,88,Cloud,57.96666666666667,"Matched 1/3 skills, Experience: 7 yrs"
C245,Candidate_245,B.Sc Data Science,3,"SQL, Power BI, PyTorch, NLP, Azure, AWS",AWS,2,74,68,Analytics,57.96666666666667,"Matched 1/3 skills, Experience: 3 yrs"
C137,Candidate_137,MCA,6,"Tableau, SQL, NLP, Deep Learning",AWS,9,86,56,Data Science,57.96666666666666,"Matched 1/3 skills, Experience: 6 yrs"
C392,Candidate_392,B.Sc Data Science,5,"PyTorch, Tableau, Azure, Power BI, AWS, Python",Azure,5,72,70,Cloud,57.96666666666666,"Matched 1/3 skills, Experience: 5 yrs"
C183,Candidate_183,B.Sc Data Science,8,"Tableau, SQL, Azure, PyTorch, Deep Learning",,7,90,52,Analytics,57.96666666666666,"Matched 1/3 skills, Experience: 8 yrs"
C156,Candidate_156,B.Sc Data Science,2,"Python, Tableau, Azure",,8,93,93,Cloud,57.89999999999999,"Matched 1/3 skills, Experience: 2 yrs"
C427,Candidate_427,B.Sc Data Science,6,"Azure, PyTorch, Tableau, Deep Learning, Machine Learning, TensorFlow",Azure,7,89,52,AI,57.81666666666666,"Matched 1/3 skills, Experience: 6 yrs"
C275,Candidate_275,M.Tech,4,"SQL, Power BI, Azure, NLP",AWS,8,59,82,Data Science,57.81666666666666,"Matched 1/3 skills, Experience: 4 yrs"
C069,Candidate_69,M.Tech,8,"PyTorch, SQL, AWS, Deep Learning, Tableau",,9,66,75,AI,57.81666666666666,"Matched 1/3 skills, Experience: 8 yrs"
C445,Candidate_445,B.Sc Data Science,8,"Python, AWS, Tableau, Azure",Google,2,90,51,AI,57.81666666666666,"Matched 1/3 skills, Experience: 8 yrs"
C377,Candidate_377,MCA,4,"Tableau, Power BI, Azure, TensorFlow, Machine Learning",Azure,6,50,91,Analytics,57.81666666666666,"Matched 1/3 skills, Experience: 4 yrs"
C395,Candidate_395,B.Sc Data Science,9,"Deep Learning, Tableau, Python, NLP",,2,62,79,AI,57.81666666666666,"Matched 1/3 skills, Experience: 9 yrs"
C358,Candidate_358,M.Tech,10,"TensorFlow, Tableau, Azure, SQL, AWS",Azure,3,74,66,Data Science,57.666666666666664,"Matched 1/3 skills, Experience: 10 yrs"
C387,Candidate_387,B.Sc Data Science,4,"PyTorch, AWS, Machine Learning, TensorFlow, NLP",Azure,6,55,85,AI,57.666666666666664,"Matched 1/3 skills, Experience: 4 yrs"
C270,Candidate_270,B.Tech,6,"NLP, Azure, Python, Deep Learning, TensorFlow",Azure,4,60,80,Analytics,57.666666666666664,"Matched 1/3 skills, Experience: 6 yrs"
C493,Candidate_493,B.Tech,8,"SQL, Azure, PyTorch",,6,60,79,Data Science,57.516666666666666,"Matched 1/3 skills, Experience: 8 yrs"
C224,Candidate_224,B.Tech,4,"Python, Azure, Tableau, NLP",Azure,4,80,59,Data Science,57.516666666666666,"Matched 1/3 skills, Experience: 4 yrs"
C097,Candidate_97,B.Tech,10,"Python, Azure, Power BI, AWS",AWS,6,56,83,AI,57.516666666666666,"Matched 1/3 skills, Experience: 10 yrs"
C108,Candidate_108,MCA,8,"Azure, NLP, Deep Learning, PyTorch, SQL, TensorFlow",Google,10,69,70,Data Science,57.516666666666666,"Matched 1/3 skills, Experience: 8 yrs"
C309,Candidate_309,MCA,10,"Tableau, TensorFlow, Azure, AWS, PyTorch, Machine Learning",AWS,1,76,63,Data Science,57.516666666666666,"Matched 1/3 skills, Experience: 10 yrs"
C402,Candidate_402,B.Tech,9,"Azure, PyTorch, Machine Learning",Azure,6,76,63,AI,57.516666666666666,"Matched 1/3 skills, Experience: 9 yrs"
C178,Candidate_178,B.Sc Data Science,3,"Tableau, TensorFlow, Power BI, Python, PyTorch",Azure,4,62,77,AI,57.51666666666666,"Matched 1/3 skills, Experience: 3 yrs"
C249,Candidate_249,M.Tech,7,"NLP, SQL, TensorFlow, PyTorch, Deep Learning, Tableau",AWS,8,87,52,AI,57.51666666666666,"Matched 1/3 skills, Experience: 7 yrs"
C308,Candidate_308,B.Sc Data Science,3,"Machine Learning, AWS, PyTorch, Tableau, Azure, Power BI",AWS,1,53,86,Data Science,57.51666666666666,"Matched 1/3 skills, Experience: 3 yrs"
C340,Candidate_340,B.Sc Data Science,3,"PyTorch, Power BI, Tableau, SQL, Azure",,10,68,70,Analytics,57.36666666666666,"Matched 1/3 skills, Experience: 3 yrs"
C095,Candidate_95,MCA,2,"Tableau, Azure, Machine Learning",Google,3,95,87,AI,57.3,"Matched 1/3 skills, Experience: 2 yrs"
C443,Candidate_443,M.Tech,9,"AWS, PyTorch, SQL, NLP",Google,5,51,86,Data Science,57.21666666666666,"Matched 1/3 skills, Experience: 9 yrs"
C027,Candidate_27,M.Tech,9,"AWS, SQL, Azure, TensorFlow",,9,61,76,Data Science,57.21666666666666,"Matched 1/3 skills, Experience: 9 yrs"
C087,Candidate_87,B.Sc Data Science,2,"Azure, Tableau, Deep Learning, Power BI, TensorFlow, SQL",Azure,6,94,87,Analytics,57.14999999999999,"Matched 1/3 skills, Experience: 2 yrs"
C101,Candidate_101,M.Tech,4,"NLP, Python, Azure, Tableau, PyTorch",AWS,1,57,79,AI,57.06666666666666,"Matched 1/3 skills, Experience: 4 yrs"
C076,Candidate_76,B.Tech,6,"NLP, SQL, TensorFlow",AWS,10,75,61,Cloud,57.06666666666666,"Matched 1/3 skills, Experience: 6 yrs"
C115,Candidate_115,M.Tech,2,"AWS, PyTorch, Python",AWS,3,99,81,Data Science,56.99999999999999,"Matched 1/3 skills, Experience: 2 yrs"
C135,Candidate_135,B.Tech,4,"Azure, Power BI, Python",Google,5,78,57,Analytics,56.91666666666666,"Matched 1/3 skills, Experience: 4 yrs"
C225,Candidate_225,B.Tech,6,"Azure, NLP, Machine Learning, TensorFlow",Azure,5,73,62,Data Science,56.91666666666666,"Matched 1/3 skills, Experience: 6 yrs"
C198,Candidate_198,B.Sc Data Science,10,"TensorFlow, Machine Learning, NLP, PyTorch",,2,62,72,Analytics,56.76666666666666,"Matched 1/3 skills, Experience: 10 yrs"
C290,Candidate_290,M.Tech,3,"SQL, Power BI, TensorFlow, Deep Learning",Azure,1,78,56,Analytics,56.76666666666666,"Matched 1/3 skills, Experience: 3 yrs"
C351,Candidate_351,B.Sc Data Science,0,"AWS, NLP, Machine Learning, Azure, PyTorch, Python",AWS,6,100,56,AI,56.73333333333333,"Matched 2/3 skills, Experience: 0 yrs"
C380,Candidate_380,MCA,0,"Power BI, TensorFlow, NLP, Python, Deep Learning, SQL",Google,2,65,91,Cloud,56.73333333333333,"Matched 2/3 skills, Experience: 0 yrs"
C397,Candidate_397,B.Tech,5,"NLP, Deep Learning, Tableau, Machine Learning",AWS,8,79,54,Analytics,56.61666666666667,"Matched 1/3 skills, Experience: 5 yrs"
C500,Candidate_500,B.Sc Data Science,5,"PyTorch, Azure, Machine Learning, TensorFlow, AWS",Azure,10,66,67,Cloud,56.61666666666666,"Matched 1/3 skills, Experience: 5 yrs"
C422,Candidate_422,MCA,7,"SQL, Deep Learning, NLP, PyTorch",Google,4,63,70,Cloud,56.61666666666666,"Matched 1/3 skills, Experience: 7 yrs"
C194,Candidate_194,B.Sc Data Science,6,"TensorFlow, Python, Tableau, Power BI",AWS,5,70,63,AI,56.61666666666666,"Matched 1/3 skills, Experience: 6 yrs"
C146,Candidate_146,M.Tech,3,"Azure, AWS, NLP, SQL, Deep Learning, TensorFlow",Google,7,52,80,AI,56.46666666666666,"Matched 1/3 skills, Experience: 3 yrs"
C212,Candidate_212,M.Tech,7,"TensorFlow, SQL, Deep Learning, Tableau, PyTorch",Google,10,55,76,Analytics,56.31666666666666,"Matched 1/3 skills, Experience: 7 yrs"
C033,Candidate_33,MCA,10,"Machine Learning, Tableau, Deep Learning, TensorFlow",Azure,6,57,74,Cloud,56.31666666666666,"Matched 1/3 skills, Experience: 10 yrs"
C188,Candidate_188,B.Tech,10,"Deep Learning, PyTorch, SQL, TensorFlow",Google,10,75,56,AI,56.31666666666666,"Matched 1/3 skills, Experience: 10 yrs"
C483,Candidate_483,M.Tech,5,"Tableau, NLP, SQL",AWS,4,51,80,Data Science,56.31666666666666,"Matched 1/3 skills, Experience: 5 yrs"
C286,Candidate_286,M.Tech,9,"Azure, TensorFlow, PyTorch, Python, Tableau",AWS,9,79,52,Data Science,56.31666666666666,"Matched 1/3 skills, Experience: 9 yrs"
C227,Candidate_227,M.Tech,4,"Machine Learning, Azure, TensorFlow, AWS",,8,51,80,Cloud,56.31666666666666,"Matched 1/3 skills, Experience: 4 yrs"
C341,Candidate_341,B.Sc Data Science,5,"Tableau, PyTorch, AWS, SQL",Google,8,58,73,Cloud,56.31666666666666,"Matched 1/3 skills, Experience: 5 yrs"
C233,Candidate_233,B.Sc Data Science,0,"Tableau, Python, PyTorch, Azure, SQL",Azure,1,76,77,Data Science,56.283333333333324,"Matched 2/3 skills, Experience: 0 yrs"
C244,Candidate_244,M.Tech,9,"Power BI, Deep Learning, Machine Learning, PyTorch",AWS,7,62,68,AI,56.16666666666666,"Matched 1/3 skills, Experience: 9 yrs"
C458,Candidate_458,B.Tech,10,"SQL, Tableau, Deep Learning",Azure,9,77,53,Analytics,56.16666666666666,"Matched 1/3 skills, Experience: 10 yrs"
C252,Candidate_252,B.Sc Data Science,2,"Azure, PyTorch, AWS, Python, NLP, Power BI",Google,3,76,98,Data Science,56.099999999999994,"Matched 1/3 skills, Experience: 2 yrs"
C055,Candidate_55,B.Tech,10,"Machine Learning, NLP, Tableau, Deep Learning, Power BI",,3,79,50,AI,56.016666666666666,"Matched 1/3 skills, Experience: 10 yrs"
C153,Candidate_153,MCA,8,"Power BI, Deep Learning, Azure, AWS, Machine Learning, PyTorch",,1,55,74,Cloud,56.016666666666666,"Matched 1/3 skills, Experience: 8 yrs"
C235,Candidate_235,B.Tech,8,"AWS, Python, PyTorch, NLP",,8,61,68,Analytics,56.016666666666666,"Matched 1/3 skills, Experience: 8 yrs"
C109,Candidate_109,M.Tech,4,"PyTorch, AWS, Azure, Machine Learning",,8,56,73,Data Science,56.016666666666666,"Matched 1/3 skills, Experience: 4 yrs"
C237,Candidate_237,M.Tech,6,"SQL, Tableau, PyTorch, NLP",,8,67,61,AI,55.86666666666666,"Matched 1/3 skills, Experience: 6 yrs"
C226,Candidate_226,B.Tech,9,"AWS, TensorFlow, Machine Learning, NLP",,1,59,68,Cloud,55.71666666666667,"Matched 1/3 skills, Experience: 9 yrs"
C102,Candidate_102,B.Tech,7,"Azure, Tableau, PyTorch, SQL, NLP",AWS,9,61,66,Analytics,55.71666666666666,"Matched 1/3 skills, Experience: 7 yrs"
C085,Candidate_85,B.Sc Data Science,2,"TensorFlow, Python, AWS",Azure,9,73,98,Analytics,55.64999999999999,"Matched 1/3 skills, Experience: 2 yrs"
C350,Candidate_350,B.Tech,9,"TensorFlow, Tableau, SQL",,3,76,50,Analytics,55.56666666666666,"Matched 1/3 skills, Experience: 9 yrs"
C384,Candidate_384,M.Tech,9,"Azure, NLP, Tableau, Python, Deep Learning",Google,5,66,60,Cloud,55.56666666666666,"Matched 1/3 skills, Experience: 9 yrs"
C374,Candidate_374,B.Sc Data Science,4,"Azure, Machine Learning, Power BI",Google,10,64,62,Cloud,55.56666666666666,"Matched 1/3 skills, Experience: 4 yrs"
C207,Candidate_207,B.Tech,6,"NLP, Tableau, Deep Learning, Python",Azure,3,76,50,Data Science,55.56666666666666,"Matched 1/3 skills, Experience: 6 yrs"
C177,Candidate_177,B.Tech,4,"Azure, Deep Learning, Tableau, Python, NLP, AWS",Azure,9,55,71,Analytics,55.56666666666666,"Matched 1/3 skills, Experience: 4 yrs"
C107,Candidate_107,MCA,3,"Python, NLP, Deep Learning, TensorFlow",Google,8,50,75,Analytics,55.416666666666664,"Matched 1/3 skills, Experience: 3 yrs"
C185,Candidate_185,B.Tech,10,"Power BI, PyTorch, Tableau, Deep Learning, SQL",Azure,3,56,69,Data Science,55.416666666666664,"Matched 1/3 skills, Experience: 10 yrs"
C355,Candidate_355,MCA,5,"Deep Learning, Machine Learning, Power BI",Google,2,65,60,AI,55.416666666666664,"Matched 1/3 skills, Experience: 5 yrs"
C072,Candidate_72,M.Tech,5,"SQL, Azure, Deep Learning, NLP, PyTorch, TensorFlow",Azure,8,67,58,AI,55.41666666666666,"Matched 1/3 skills, Experience: 5 yrs"
C415,Candidate_415,B.Sc Data Science,0,"PyTorch, NLP, SQL, Python, AWS",Google,6,62,85,Data Science,55.383333333333326,"Matched 2/3 skills, Experience: 0 yrs"
C347,Candidate_347,MCA,5,"Machine Learning, Power BI, Azure",Azure,9,55,69,Data Science,55.266666666666666,"Matched 1/3 skills, Experience: 5 yrs"
C357,Candidate_357,M.Tech,4,"Azure, SQL, Deep Learning, TensorFlow, NLP, Power BI",Google,5,69,55,Cloud,55.266666666666666,"Matched 1/3 skills, Experience: 4 yrs"
C487,Candidate_487,B.Tech,3,"TensorFlow, Power BI, Machine Learning, Tableau, NLP, Deep Learning",AWS,4,54,69,Data Science,55.11666666666667,"Matched 1/3 skills, Experience: 3 yrs"
C381,Candidate_381,B.Sc Data Science,7,"Azure, SQL, Tableau",,3,51,72,Data Science,55.11666666666666,"Matched 1/3 skills, Experience: 7 yrs"
C099,Candidate_99,B.Sc Data Science,4,"Python, PyTorch, Azure",AWS,10,55,67,Cloud,54.96666666666666,"Matched 1/3 skills, Experience: 4 yrs"
C038,Candidate_38,M.Tech,3,"Python, PyTorch, TensorFlow, Power BI, NLP",AWS,8,63,59,Cloud,54.96666666666666,"Matched 1/3 skills, Experience: 3 yrs"
C344,Candidate_344,M.Tech,6,"Azure, TensorFlow, Python",,4,60,61,Cloud,54.81666666666666,"Matched 1/3 skills, Experience: 6 yrs"
C452,Candidate_452,M.Tech,6,"Power BI, Machine Learning, Deep Learning",AWS,9,68,52,AI,54.66666666666666,"Matched 1/3 skills, Experience: 6 yrs"
C136,Candidate_136,B.Tech,9,"TensorFlow, Tableau, Power BI, Python",Google,5,62,57,Data Science,54.51666666666666,"Matched 1/3 skills, Experience: 9 yrs"
C112,Candidate_112,M.Tech,0,"Python, AWS, SQL, NLP, TensorFlow",Azure,6,65,76,AI,54.48333333333333,"Matched 2/3 skills, Experience: 0 yrs"
C371,Candidate_371,B.Tech,2,"Power BI, Machine Learning, TensorFlow, Azure",Azure,9,63,99,Cloud,54.3,"Matched 1/3 skills, Experience: 2 yrs"
C147,Candidate_147,B.Tech,3,"PyTorch, Tableau, Python, Power BI",,1,57,59,Analytics,54.06666666666666,"Matched 1/3 skills, Experience: 3 yrs"
C336,Candidate_336,MCA,2,"AWS, NLP, Machine Learning, Deep Learning",Azure,2,65,93,Data Science,53.7,"Matched 1/3 skills, Experience: 2 yrs"
C181,Candidate_181,MCA,5,"SQL, TensorFlow, Deep Learning",,3,59,53,Data Science,53.46666666666667,"Matched 1/3 skills, Experience: 5 yrs"
C240,Candidate_240,B.Sc Data Science,10,"SQL, PyTorch, Azure, NLP, Tableau, TensorFlow",Azure,4,56,54,AI,53.166666666666664,"Matched 1/3 skills, Experience: 10 yrs"
C465,Candidate_465,B.Tech,9,"Azure, SQL, NLP",Azure,8,58,52,Cloud,53.16666666666666,"Matched 1/3 skills, Experience: 9 yrs"
C193,Candidate_193,M.Tech,0,"TensorFlow, PyTorch, Power BI, Machine Learning, Deep Learning, Python",,10,59,73,Cloud,53.133333333333326,"Matched 2/3 skills, Experience: 0 yrs"
C409,Candidate_409,M.Tech,0,"Power BI, Machine Learning, Deep Learning, Python",Azure,1,51,81,AI,53.133333333333326,"Matched 2/3 skills, Experience: 0 yrs"
C440,Candidate_440,MCA,2,"Machine Learning, Azure, AWS, Deep Learning, TensorFlow",Azure,3,63,91,AI,53.099999999999994,"Matched 1/3 skills, Experience: 2 yrs"
C246,Candidate_246,B.Sc Data Science,10,"SQL, AWS, PyTorch",,2,57,52,Data Science,53.01666666666666,"Matched 1/3 skills, Experience: 10 yrs"
C216,Candidate_216,M.Tech,2,"Azure, Python, PyTorch, AWS",Azure,7,75,77,Analytics,52.8,"Matched 1/3 skills, Experience: 2 yrs"
C345,Candidate_345,MCA,0,"SQL, Tableau, Python, AWS",AWS,5,60,68,Cloud,52.53333333333333,"Matched 2/3 skills, Experience: 0 yrs"
C082,Candidate_82,M.Tech,2,"Tableau, Machine Learning, Deep Learning, Azure, PyTorch",AWS,1,74,76,Cloud,52.49999999999999,"Matched 1/3 skills, Experience: 2 yrs"
C423,Candidate_423,MCA,1,"Tableau, Azure, Python, PyTorch",AWS,5,97,97,Analytics,52.43333333333332,"Matched 1/3 skills, Experience: 1 yrs"
C323,Candidate_323,B.Tech,2,"Machine Learning, PyTorch, TensorFlow, Azure",Google,2,84,65,AI,52.349999999999994,"Matched 1/3 skills, Experience: 2 yrs"
C255,Candidate_255,B.Tech,2,"AWS, Tableau, TensorFlow, SQL, NLP",Google,8,66,83,Cloud,52.349999999999994,"Matched 1/3 skills, Experience: 2 yrs"
C260,Candidate_260,B.Tech,0,"Machine Learning, SQL, Tableau, AWS, TensorFlow, Deep Learning",Google,6,70,55,Data Science,52.08333333333333,"Matched 2/3 skills, Experience: 0 yrs"
C322,Candidate_322,B.Sc Data Science,0,"TensorFlow, Machine Learning, Python, Tableau",,8,70,55,AI,52.08333333333333,"Matched 2/3 skills, Experience: 0 yrs"
C393,Candidate_393,M.Tech,0,"SQL, Power BI, Machine Learning",Azure,10,56,63,Data Science,51.18333333333332,"Matched 2/3 skills, Experience: 0 yrs"
C081,Candidate_81,M.Tech,2,"Machine Learning, AWS, Azure",,8,85,56,Data Science,51.15,"Matched 1/3 skills, Experience: 2 yrs"
C499,Candidate_499,MCA,1,"Deep Learning, PyTorch, AWS, Python",,6,85,100,AI,51.08333333333333,"Matched 1/3 skills, Experience: 1 yrs"
C004,Candidate_4,MCA,2,"Power BI, Python, Tableau",Azure,8,70,70,Analytics,51.0,"Matched 1/3 skills, Experience: 2 yrs"
C111,Candidate_111,MCA,2,"NLP, Tableau, PyTorch, Python, Deep Learning",,1,55,85,AI,51.0,"Matched 1/3 skills, Experience: 2 yrs"
C247,Candidate_247,B.Tech,2,"SQL, Deep Learning, Azure, NLP",,10,79,60,Data Science,50.849999999999994,"Matched 1/3 skills, Experience: 2 yrs"
C390,Candidate_390,B.Sc Data Science,2,"Azure, NLP, Machine Learning, TensorFlow",Azure,7,66,67,Cloud,49.949999999999996,"Matched 1/3 skills, Experience: 2 yrs"
C466,Candidate_466,B.Tech,1,"Power BI, NLP, Azure, TensorFlow, Machine Learning",Azure,9,85,88,AI,49.28333333333333,"Matched 1/3 skills, Experience: 1 yrs"
C155,Candidate_155,M.Tech,1,"Azure, Power BI, SQL, NLP, Tableau",AWS,4,81,91,Cloud,49.133333333333326,"Matched 1/3 skills, Experience: 1 yrs"
C068,Candidate_68,B.Tech,6,"TensorFlow, PyTorch, Power BI",Google,7,92,100,Cloud,48.8,"Matched 0/3 skills, Experience: 6 yrs"
C263,Candidate_263,MCA,2,"Azure, PyTorch, SQL, TensorFlow, Tableau",Azure,5,73,51,AI,48.599999999999994,"Matched 1/3 skills, Experience: 2 yrs"
C253,Candidate_253,B.Tech,1,"Power BI, SQL, Azure, Tableau",AWS,7,83,84,Analytics,48.38333333333333,"Matched 1/3 skills, Experience: 1 yrs"
C079,Candidate_79,M.Tech,5,"AWS, TensorFlow, Power BI, NLP, Tableau",Google,5,93,93,Cloud,47.900000000000006,"Matched 0/3 skills, Experience: 5 yrs"
C100,Candidate_100,B.Sc Data Science,2,"AWS, Machine Learning, Tableau, PyTorch, Power BI",AWS,10,68,50,Analytics,47.699999999999996,"Matched 1/3 skills, Experience: 2 yrs"
C436,Candidate_436,B.Tech,1,"Tableau, PyTorch, Azure, NLP, Machine Learning",AWS,6,85,75,AI,47.33333333333333,"Matched 1/3 skills, Experience: 1 yrs"
C383,Candidate_383,MCA,7,"Deep Learning, Power BI, TensorFlow, PyTorch",AWS,6,90,90,Analytics,47.0,"Matched 0/3 skills, Experience: 7 yrs"
C349,Candidate_349,B.Sc Data Science,8,"Tableau, PyTorch, NLP, TensorFlow",Google,5,96,84,Data Science,47.0,"Matched 0/3 skills, Experience: 8 yrs"
C017,Candidate_17,M.Tech,4,"PyTorch, Azure, AWS, Deep Learning, Power BI, Tableau",,2,85,94,AI,46.85,"Matched 0/3 skills, Experience: 4 yrs"
C285,Candidate_285,B.Tech,1,"AWS, PyTorch, NLP, SQL, Azure",Azure,1,60,96,Analytics,46.73333333333333,"Matched 1/3 skills, Experience: 1 yrs"
C268,Candidate_268,M.Tech,4,"NLP, Tableau, PyTorch",Azure,6,80,98,AI,46.7,"Matched 0/3 skills, Experience: 4 yrs"
C282,Candidate_282,B.Tech,1,"Azure, Machine Learning, PyTorch",AWS,8,85,70,AI,46.58333333333333,"Matched 1/3 skills, Experience: 1 yrs"
C258,Candidate_258,MCA,1,"NLP, Tableau, Power BI, TensorFlow, Python",Azure,7,99,56,Cloud,46.58333333333333,"Matched 1/3 skills, Experience: 1 yrs"
C339,Candidate_339,B.Tech,1,"Azure, Tableau, Python, PyTorch",AWS,6,75,79,AI,46.43333333333333,"Matched 1/3 skills, Experience: 1 yrs"
C187,Candidate_187,B.Tech,1,"Deep Learning, NLP, TensorFlow, PyTorch, Machine Learning, Tableau",AWS,1,54,99,Analytics,46.28333333333333,"Matched 1/3 skills, Experience: 1 yrs"
C320,Candidate_320,MCA,3,"NLP, Deep Learning, Power BI, AWS, TensorFlow",,6,98,77,Analytics,46.25,"Matched 0/3 skills, Experience: 3 yrs"
C197,Candidate_197,B.Sc Data Science,1,"NLP, PyTorch, SQL, AWS, Tableau, Azure",Google,5,79,73,AI,46.133333333333326,"Matched 1/3 skills, Experience: 1 yrs"
C116,Candidate_116,B.Sc Data Science,10,"PyTorch, NLP, Power BI, Azure",,2,79,95,Cloud,46.1,"Matched 0/3 skills, Experience: 10 yrs"
C206,Candidate_206,M.Tech,1,"SQL, PyTorch, Tableau, AWS, Power BI, Deep Learning",,5,61,90,AI,45.98333333333333,"Matched 1/3 skills, Experience: 1 yrs"
C457,Candidate_457,M.Tech,10,"Tableau, TensorFlow, Power BI",,10,82,90,Analytics,45.8,"Matched 0/3 skills, Experience: 10 yrs"
C028,Candidate_28,MCA,7,"PyTorch, TensorFlow, AWS, Deep Learning",,5,81,90,Analytics,45.65,"Matched 0/3 skills, Experience: 7 yrs"
C138,Candidate_138,B.Sc Data Science,1,"AWS, Azure, NLP, Tableau, Machine Learning",Google,4,85,63,AI,45.53333333333333,"Matched 1/3 skills, Experience: 1 yrs"
C319,Candidate_319,B.Sc Data Science,1,"SQL, Deep Learning, AWS",,10,79,67,Data Science,45.23333333333333,"Matched 1/3 skills, Experience: 1 yrs"
C118,Candidate_118,M.Tech,0,"Azure, AWS, Deep Learning, Tableau, Python",,5,99,90,Analytics,45.016666666666666,"Matched 1/3 skills, Experience: 0 yrs"
C490,Candidate_490,B.Sc Data Science,1,"NLP, TensorFlow, Machine Learning, Azure, Power BI",AWS,10,71,73,Data Science,44.93333333333332,"Matched 1/3 skills, Experience: 1 yrs"
C034,Candidate_34,B.Tech,8,"Tableau, AWS, NLP, Deep Learning, PyTorch",,10,84,82,Cloud,44.9,"Matched 0/3 skills, Experience: 8 yrs"
C169,Candidate_169,MCA,1,"AWS, Azure, Power BI, Python",,1,65,78,Cloud,44.78333333333333,"Matched 1/3 skills, Experience: 1 yrs"
C481,Candidate_481,B.Tech,1,"Machine Learning, AWS, Azure, TensorFlow",Azure,3,91,52,Analytics,44.783333333333324,"Matched 1/3 skills, Experience: 1 yrs"
C142,Candidate_142,MCA,1,"Machine Learning, Power BI, PyTorch, Deep Learning, Azure",Azure,2,76,67,Cloud,44.783333333333324,"Matched 1/3 skills, Experience: 1 yrs"
C331,Candidate_331,M.Tech,4,"NLP, PyTorch, TensorFlow",Google,3,88,77,AI,44.75,"Matched 0/3 skills, Experience: 4 yrs"
C289,Candidate_289,MCA,7,"TensorFlow, NLP, Tableau, Power BI, PyTorch",Azure,2,71,93,Analytics,44.599999999999994,"Matched 0/3 skills, Experience: 7 yrs"
C326,Candidate_326,MCA,6,"Power BI, Deep Learning, PyTorch, TensorFlow",Google,1,75,88,Data Science,44.45,"Matched 0/3 skills, Experience: 6 yrs"
C304,Candidate_304,B.Tech,10,"PyTorch, Deep Learning, NLP, Azure, AWS",Google,9,97,66,Analytics,44.449999999999996,"Matched 0/3 skills, Experience: 10 yrs"
C162,Candidate_162,MCA,1,"AWS, Deep Learning, SQL, TensorFlow, Azure, Power BI",AWS,8,68,71,Data Science,44.18333333333333,"Matched 1/3 skills, Experience: 1 yrs"
C497,Candidate_497,B.Tech,1,"NLP, PyTorch, Deep Learning, Machine Learning",Google,9,53,86,Data Science,44.18333333333333,"Matched 1/3 skills, Experience: 1 yrs"
C332,Candidate_332,B.Tech,1,"Machine Learning, AWS, Deep Learning, Tableau, Power BI",,9,75,64,Analytics,44.18333333333333,"Matched 1/3 skills, Experience: 1 yrs"
C090,Candidate_90,M.Tech,4,"Power BI, Deep Learning, AWS, TensorFlow, NLP, PyTorch",AWS,9,78,83,AI,44.15,"Matched 0/3 skills, Experience: 4 yrs"
C196,Candidate_196,B.Sc Data Science,9,"Power BI, Deep Learning, Azure",Azure,4,84,76,Data Science,44.0,"Matched 0/3 skills, Experience: 9 yrs"
C110,Candidate_110,B.Tech,1,"TensorFlow, AWS, Python",Google,1,76,61,Cloud,43.883333333333326,"Matched 1/3 skills, Experience: 1 yrs"
C313,Candidate_313,M.Tech,9,"Deep Learning, AWS, PyTorch, Tableau, Power BI, NLP",AWS,5,100,59,AI,43.85,"Matched 0/3 skills, Experience: 9 yrs"
C066,Candidate_66,B.Tech,4,"Deep Learning, Azure, PyTorch, AWS, Power BI",AWS,5,64,94,Cloud,43.7,"Matched 0/3 skills, Experience: 4 yrs"
C475,Candidate_475,B.Tech,10,"PyTorch, TensorFlow, AWS, Deep Learning, Tableau, NLP",Azure,7,89,69,AI,43.7,"Matched 0/3 skills, Experience: 10 yrs"
C149,Candidate_149,B.Tech,9,"Azure, Power BI, NLP",Azure,10,83,75,Data Science,43.7,"Matched 0/3 skills, Experience: 9 yrs"
C334,Candidate_334,M.Tech,8,"Tableau, NLP, Azure, TensorFlow",AWS,1,75,83,Analytics,43.7,"Matched 0/3 skills, Experience: 8 yrs"
C448,Candidate_448,B.Tech,1,"Deep Learning, Python, Tableau",,5,75,60,Cloud,43.58333333333333,"Matched 1/3 skills, Experience: 1 yrs"
C232,Candidate_232,MCA,5,"Azure, Deep Learning, Power BI, PyTorch, TensorFlow",,10,63,94,Analytics,43.55,"Matched 0/3 skills, Experience: 5 yrs"
C174,Candidate_174,B.Sc Data Science,10,"Tableau, Deep Learning, Azure",Azure,7,58,98,AI,43.4,"Matched 0/3 skills, Experience: 10 yrs"
C063,Candidate_63,B.Tech,1,"PyTorch, Python, TensorFlow",,3,73,60,Analytics,43.28333333333333,"Matched 1/3 skills, Experience: 1 yrs"
C131,Candidate_131,MCA,1,"Power BI, SQL, Tableau, PyTorch",Google,8,53,80,AI,43.28333333333333,"Matched 1/3 skills, Experience: 1 yrs"
C464,Candidate_464,B.Sc Data Science,6,"PyTorch, Tableau, Power BI",Azure,3,85,70,Analytics,43.25,"Matched 0/3 skills, Experience: 6 yrs"
C092,Candidate_92,B.Sc Data Science,1,"Power BI, AWS, Deep Learning, Tableau, NLP, Python",,5,65,66,Data Science,42.98333333333333,"Matched 1/3 skills, Experience: 1 yrs"
C396,Candidate_396,MCA,4,"AWS, NLP, Azure",Azure,9,94,59,Data Science,42.95,"Matched 0/3 skills, Experience: 4 yrs"
C386,Candidate_386,B.Sc Data Science,6,"AWS, Azure, TensorFlow",Google,9,60,89,Data Science,42.35,"Matched 0/3 skills, Experience: 6 yrs"
C145,Candidate_145,B.Sc Data Science,0,"TensorFlow, NLP, Machine Learning, Tableau, AWS",Azure,1,91,80,Cloud,42.31666666666666,"Matched 1/3 skills, Experience: 0 yrs"
C301,Candidate_301,M.Tech,0,"SQL, AWS, TensorFlow",Google,1,81,88,Cloud,42.016666666666666,"Matched 1/3 skills, Experience: 0 yrs"
C480,Candidate_480,M.Tech,0,"Power BI, Azure, Python",AWS,7,76,93,AI,42.016666666666666,"Matched 1/3 skills, Experience: 0 yrs"
C399,Candidate_399,MCA,3,"NLP, TensorFlow, Tableau, Azure",Google,1,74,72,AI,41.9,"Matched 0/3 skills, Experience: 3 yrs"
C008,Candidate_8,MCA,3,"NLP, Power BI, PyTorch, AWS",,5,50,95,Analytics,41.75,"Matched 0/3 skills, Experience: 3 yrs"
C446,Candidate_446,B.Tech,4,"Tableau, PyTorch, Azure",Azure,3,63,82,AI,41.75,"Matched 0/3 skills, Experience: 4 yrs"
C132,Candidate_132,B.Tech,7,"AWS, TensorFlow, NLP",,10,68,76,Analytics,41.6,"Matched 0/3 skills, Experience: 7 yrs"
C300,Candidate_300,MCA,6,"TensorFlow, NLP, Tableau, AWS, Deep Learning",Azure,10,69,75,Cloud,41.6,"Matched 0/3 skills, Experience: 6 yrs"
C280,Candidate_280,B.Sc Data Science,8,"Tableau, AWS, Azure",AWS,8,79,65,Data Science,41.6,"Matched 0/3 skills, Experience: 8 yrs"
C124,Candidate_124,B.Sc Data Science,9,"Tableau, Deep Learning, Power BI, PyTorch, AWS",,9,67,77,Analytics,41.599999999999994,"Matched 0/3 skills, Experience: 9 yrs"
C312,Candidate_312,B.Sc Data Science,4,"Azure, AWS, Tableau",,6,72,71,AI,41.449999999999996,"Matched 0/3 skills, Experience: 4 yrs"
C343,Candidate_343,M.Tech,0,"TensorFlow, Python, Azure, Power BI, AWS, PyTorch",AWS,7,99,66,AI,41.416666666666664,"Matched 1/3 skills, Experience: 0 yrs"
C314,Candidate_314,M.Tech,1,"Tableau, TensorFlow, AWS, Python",,1,54,66,Data Science,41.33333333333333,"Matched 1/3 skills, Experience: 1 yrs"
C315,Candidate_315,B.Sc Data Science,7,"TensorFlow, AWS, Azure",Azure,9,82,60,Analytics,41.3,"Matched 0/3 skills, Experience: 7 yrs"
C467,Candidate_467,B.Sc Data Science,0,"Tableau, Python, PyTorch, AWS, Deep Learning",AWS,10,99,65,AI,41.266666666666666,"Matched 1/3 skills, Experience: 0 yrs"
C211,Candidate_211,B.Tech,8,"Tableau, Azure, TensorFlow",Azure,1,71,69,Cloud,41.0,"Matched 0/3 skills, Experience: 8 yrs"
C114,Candidate_114,MCA,9,"Deep Learning, Azure, Power BI, NLP, AWS",Azure,2,70,70,Analytics,41.0,"Matched 0/3 skills, Experience: 9 yrs"
C203,Candidate_203,MCA,3,"Azure, Tableau, NLP",AWS,6,78,62,Cloud,41.0,"Matched 0/3 skills, Experience: 3 yrs"
C369,Candidate_369,B.Sc Data Science,2,"Power BI, TensorFlow, Tableau",Azure,6,85,98,AI,40.78333333333333,"Matched 0/3 skills, Experience: 2 yrs"
C477,Candidate_477,B.Sc Data Science,4,"Power BI, NLP, AWS, PyTorch, Deep Learning",Azure,5,79,58,Data Science,40.55,"Matched 0/3 skills, Experience: 4 yrs"
C128,Candidate_128,B.Tech,5,"TensorFlow, NLP, AWS, Power BI, Deep Learning",Azure,1,60,76,AI,40.4,"Matched 0/3 skills, Experience: 5 yrs"
C370,Candidate_370,M.Tech,9,"Power BI, Deep Learning, TensorFlow, PyTorch, NLP, Azure",Azure,10,76,59,Data Science,40.25,"Matched 0/3 skills, Experience: 9 yrs"
C431,Candidate_431,M.Tech,6,"Power BI, PyTorch, TensorFlow",Azure,2,71,64,Cloud,40.25,"Matched 0/3 skills, Experience: 6 yrs"
C295,Candidate_295,M.Tech,10,"PyTorch, Tableau, NLP, Azure",,6,64,70,AI,40.1,"Matched 0/3 skills, Experience: 10 yrs"
C056,Candidate_56,B.Tech,10,"PyTorch, TensorFlow, Azure",,1,76,57,AI,39.949999999999996,"Matched 0/3 skills, Experience: 10 yrs"
C242,Candidate_242,B.Tech,0,"TensorFlow, AWS, Python",AWS,7,58,97,AI,39.916666666666664,"Matched 1/3 skills, Experience: 0 yrs"
C164,Candidate_164,B.Sc Data Science,2,"Deep Learning, PyTorch, TensorFlow, Power BI",,4,96,81,AI,39.88333333333333,"Matched 0/3 skills, Experience: 2 yrs"
C299,Candidate_299,B.Tech,1,"Tableau, Azure, PyTorch, NLP, Deep Learning, SQL",Azure,8,59,51,Cloud,39.83333333333333,"Matched 1/3 skills, Experience: 1 yrs"
C327,Candidate_327,M.Tech,5,"TensorFlow, AWS, Tableau, Deep Learning",AWS,9,60,71,AI,39.65,"Matched 0/3 skills, Experience: 5 yrs"
C243,Candidate_243,B.Tech,4,"PyTorch, TensorFlow, Azure, NLP",Google,1,62,69,Analytics,39.65,"Matched 0/3 skills, Experience: 4 yrs"
C259,Candidate_259,B.Sc Data Science,0,"Python, AWS, Tableau, Power BI, NLP, Azure",,9,67,86,Data Science,39.61666666666666,"Matched 1/3 skills, Experience: 0 yrs"
C020,Candidate_20,MCA,6,"TensorFlow, Deep Learning, PyTorch, AWS, Power BI",Google,8,54,76,Data Science,39.5,"Matched 0/3 skills, Experience: 6 yrs"
C035,Candidate_35,B.Sc Data Science,9,"Tableau, PyTorch, Azure, Power BI",Google,4,64,65,Cloud,39.35,"Matched 0/3 skills, Experience: 9 yrs"
C333,Candidate_333,B.Sc Data Science,5,"Azure, Tableau, PyTorch",Azure,3,64,64,Data Science,39.2,"Matched 0/3 skills, Experience: 5 yrs"
C449,Candidate_449,B.Sc Data Science,7,"Power BI, PyTorch, Azure, TensorFlow",Google,2,68,59,Data Science,39.05,"Matched 0/3 skills, Experience: 7 yrs"
C143,Candidate_143,B.Tech,2,"Deep Learning, NLP, Azure",AWS,1,81,90,Analytics,38.983333333333334,"Matched 0/3 skills, Experience: 2 yrs"
C425,Candidate_425,B.Tech,1,"Tableau, AWS, TensorFlow, Python",Google,7,52,52,Data Science,38.93333333333333,"Matched 1/3 skills, Experience: 1 yrs"
C348,Candidate_348,MCA,0,"SQL, Azure, PyTorch, NLP, Tableau",AWS,4,92,56,AI,38.86666666666666,"Matched 1/3 skills, Experience: 0 yrs"
C157,Candidate_157,MCA,8,"Deep Learning, Power BI, AWS, PyTorch, TensorFlow",Azure,1,74,51,Cloud,38.75,"Matched 0/3 skills, Experience: 8 yrs"
C052,Candidate_52,B.Sc Data Science,0,"Deep Learning, NLP, SQL, PyTorch",Google,8,79,67,Cloud,38.56666666666666,"Matched 1/3 skills, Experience: 0 yrs"
C084,Candidate_84,MCA,0,"PyTorch, Tableau, SQL",Google,2,83,62,AI,38.416666666666664,"Matched 1/3 skills, Experience: 0 yrs"
C078,Candidate_78,B.Tech,0,"SQL, TensorFlow, Deep Learning",,10,82,62,AI,38.26666666666666,"Matched 1/3 skills, Experience: 0 yrs"
C353,Candidate_353,B.Sc Data Science,2,"Azure, Power BI, PyTorch, Tableau, TensorFlow, AWS",,4,72,90,AI,37.63333333333333,"Matched 0/3 skills, Experience: 2 yrs"
C296,Candidate_296,B.Sc Data Science,9,"AWS, Tableau, Deep Learning",Azure,8,63,52,Cloud,37.25,"Matched 0/3 skills, Experience: 9 yrs"
C356,Candidate_356,B.Tech,5,"PyTorch, NLP, Tableau, Power BI, TensorFlow",Azure,3,55,58,Analytics,36.95,"Matched 0/3 skills, Experience: 5 yrs"
C451,Candidate_451,MCA,5,"TensorFlow, NLP, Deep Learning, AWS, Azure",Google,3,59,53,Data Science,36.8,"Matched 0/3 skills, Experience: 5 yrs"
C434,Candidate_434,M.Tech,2,"Azure, PyTorch, TensorFlow",AWS,9,95,57,Cloud,36.13333333333333,"Matched 0/3 skills, Experience: 2 yrs"
C418,Candidate_418,MCA,2,"Power BI, TensorFlow, Deep Learning",AWS,3,79,73,Analytics,36.133333333333326,"Matched 0/3 skills, Experience: 2 yrs"
C208,Candidate_208,B.Sc Data Science,0,"Machine Learning, AWS, Power BI",Azure,10,74,55,Analytics,36.016666666666666,"Matched 1/3 skills, Experience: 0 yrs"
C476,Candidate_476,B.Tech,9,"Tableau, TensorFlow, NLP, Azure",Google,10,55,51,Data Science,35.9,"Matched 0/3 skills, Experience: 9 yrs"
C430,Candidate_430,MCA,1,"NLP, AWS, PyTorch, Azure, Deep Learning",Google,5,97,96,AI,35.61666666666666,"Matched 0/3 skills, Experience: 1 yrs"
C262,Candidate_262,M.Tech,2,"Azure, Power BI, TensorFlow",Google,10,91,51,Cloud,34.63333333333333,"Matched 0/3 skills, Experience: 2 yrs"
C022,Candidate_22,MCA,2,"Azure, Tableau, Deep Learning",AWS,2,50,90,Data Science,34.33333333333333,"Matched 0/3 skills, Experience: 2 yrs"
C338,Candidate_338,MCA,1,"Deep Learning, AWS, Tableau",,8,90,86,Cloud,33.06666666666666,"Matched 0/3 skills, Experience: 1 yrs"
C228,Candidate_228,MCA,2,"Deep Learning, AWS, Tableau",AWS,10,56,73,Data Science,32.68333333333334,"Matched 0/3 skills, Experience: 2 yrs"
C442,Candidate_442,B.Sc Data Science,2,"Power BI, AWS, TensorFlow, Deep Learning",AWS,4,73,54,Analytics,32.38333333333333,"Matched 0/3 skills, Experience: 2 yrs"
C202,Candidate_202,B.Sc Data Science,1,"TensorFlow, Power BI, PyTorch",Azure,8,89,65,Cloud,29.766666666666666,"Matched 0/3 skills, Experience: 1 yrs"
C288,Candidate_288,M.Tech,1,"Power BI, Azure, TensorFlow, NLP",Google,9,67,87,Cloud,29.766666666666666,"Matched 0/3 skills, Experience: 1 yrs"
C018,Candidate_18,B.Sc Data Science,1,"Tableau, NLP, Deep Learning, AWS",Google,8,65,85,AI,29.166666666666664,"Matched 0/3 skills, Experience: 1 yrs"
C094,Candidate_94,B.Tech,1,"Tableau, Power BI, Deep Learning, TensorFlow",Azure,9,93,56,Cloud,29.016666666666666,"Matched 0/3 skills, Experience: 1 yrs"
C368,Candidate_368,MCA,1,"AWS, TensorFlow, Power BI, Tableau",,3,50,97,Data Science,28.716666666666665,"Matched 0/3 skills, Experience: 1 yrs"
C031,Candidate_31,B.Sc Data Science,1,"TensorFlow, Tableau, Azure, AWS",Azure,1,78,60,Cloud,27.366666666666667,"Matched 0/3 skills, Experience: 1 yrs"
C129,Candidate_129,B.Tech,0,"Power BI, TensorFlow, AWS",Google,1,88,94,Cloud,27.299999999999997,"Matched 0/3 skills, Experience: 0 yrs"
C254,Candidate_254,M.Tech,1,"Power BI, Azure, Tableau, NLP, Deep Learning, TensorFlow",Azure,8,83,50,Cloud,26.616666666666667,"Matched 0/3 skills, Experience: 1 yrs"
C060,Candidate_60,B.Tech,0,"Tableau, PyTorch, TensorFlow, NLP",,4,66,97,Data Science,24.45,"Matched 0/3 skills, Experience: 0 yrs"
C103,Candidate_103,B.Sc Data Science,0,"AWS, TensorFlow, NLP",,2,62,97,Analytics,23.849999999999998,"Matched 0/3 skills, Experience: 0 yrs"
C330,Candidate_330,B.Sc Data Science,0,"PyTorch, NLP, TensorFlow",,6,97,59,Cloud,23.4,"Matched 0/3 skills, Experience: 0 yrs"
C463,Candidate_463,B.Tech,0,"Deep Learning, TensorFlow, NLP",,2,64,82,Analytics,21.9,"Matched 0/3 skills, Experience: 0 yrs"
C408,Candidate_408,B.Sc Data Science,0,"Power BI, Deep Learning, Tableau",Google,2,59,84,Analytics,21.45,"Matched 0/3 skills, Experience: 0 yrs"
C042,Candidate_42,MCA,0,"AWS, NLP, Tableau, TensorFlow, Power BI",Azure,5,50,89,Analytics,20.85,"Matched 0/3 skills, Experience: 0 yrs"
C032,Candidate_32,MCA,0,"AWS, PyTorch, Power BI",Azure,3,68,63,AI,19.65,"Matched 0/3 skills, Experience: 0 yrs"
C126,Candidate_126,B.Sc Data Science,0,"Tableau, Power BI, Azure, TensorFlow",,1,51,80,Analytics,19.65,"Matched 0/3 skills, Experience: 0 yrs"
C150,Candidate_150,M.Tech,0,"Azure, Tableau, NLP, PyTorch, Power BI",,6,60,67,Analytics,19.049999999999997,"Matched 0/3 skills, Experience: 0 yrs"
C484,Candidate_484,MCA,0,"Azure, TensorFlow, Power BI",Azure,2,57,64,Data Science,18.15,"Matched 0/3 skills, Experience: 0 yrs"
C005,Candidate_5,M.Tech,0,"NLP, Azure, TensorFlow",Azure,4,50,54,Cloud,15.6,"Matched 0/3 skills, Experience: 0 yrs"
